app_id,title,developer,release_date,primary_genre,genres,artwork_url,app_store_url,chart_type,chart_position,country,snapshot_date,source_url
6748084174,Smash Fest!,Flow Games Bilisim Yazilim ve Pazarlama Anonim Sirketi,"December 16, 2025",Games,Games,https://is1-ssl.mzstatic.com/image/thumb/Purple221/v4/93/3e/2e/933e2ed1-8b86-d507-1fc1-184f7255e81c/AppIcon-0-0-1x_U007emarketing-0-8-0-85-220.png/100x100bb.png,https://apps.apple.com/us/app/smash-fest/id6748084174?uo=2,top_free,1,US,2026-08-07,https://itunes.apple.com/us/rss/topfreeapplications/limit=100/genre=6014/json
6761760135,Meowdoku!,Oakever Games,"May 19, 2026",Games,Games,https://is1-ssl.mzstatic.com/image/thumb/Purple211/v4/29/c2/e0/29c2e092-283f-138a-c66d-948c4ba8fda3/AppIcon-0-0-1x_U007epad-0-11-0-85-220.png/100x100bb.png,https://apps.apple.com/us/app/meowdoku/id6761760135?uo=2,top_free,2,US,2026-08-07,https://itunes.apple.com/us/rss/topfreeapplications/limit=100/genre=6014/json
6752672568,Block Out! - Color Sort Puzzle,Grand Games A.Ş.,"October 31, 2025",Games,Games,https://is1-ssl.mzstatic.com/image/thumb/Purple211/v4/f5/47/76/f54776df-7473-635b-d336-70ce902ff8a4/AppIcon-0-0-1x_U007emarketing-0-8-0-85-220.png/100x100bb.png,https://apps.apple.com/us/app/block-out-color-sort-puzzle/id6752672568?uo=2,top_free,3,US,2026-08-07,https://itunes.apple.com/us/rss/topfreeapplications/limit=100/genre=6014/json
6759763476,Bus Traffic Fever!,"GOODROID,Inc.","March 13, 2026",Games,Games,https://is1-ssl.mzstatic.com/image/thumb/Purple221/v4/b0/b5/ae/b0b5ae03-60d3-2d6b-13fb-dab687ae307d/AppIcon-1x_U007emarketing-0-8-0-85-220-0.png/100x100bb.png,https://apps.apple.com/us/app/bus-traffic-fever/id6759763476?uo=2,top_free,4,US,2026-08-07,https://itunes.apple.com/us/rss/topfreeapplications/limit=100/genre=6014/json
6499209744,Magic Sort!,Grand Games A.Ş.,"May 28, 2024",Games,Games,https://is1-ssl.mzstatic.com/image/thumb/Purple221/v4/15/d9/e3/15d9e360-fa4c-9cb0-5c60-d0c555951697/AppIcon-0-0-1x_U007emarketing-0-8-0-85-220.png/100x100bb.png,https://apps.apple.com/us/app/magic-sort/id6499209744?uo=2,top_free,5,US,2026-08-07,https://itunes.apple.com/us/rss/topfreeapplications/limit=100/genre=6014/json
431946152,Roblox,Roblox Corporation,"May 26, 2011",Games,Games,https://is1-ssl.mzstatic.com/image/thumb/Purple221/v4/99/ad/74/99ad74c2-baf4-ecc4-5fae-2d4461f8145c/AppIcon-0-0-1x_U007epad-0-1-0-85-220.png/100x100bb.png,https://apps.apple.com/us/app/roblox/id431946152?uo=2,top_free,6,US,2026-08-07,https://itunes.apple.com/us/rss/topfreeapplications/limit=100/genre=6014/json
6468921495,Vita Mahjong,Vita Studio,"December 1, 2023",Games,Games,https://is1-ssl.mzstatic.com/image/thumb/Purple211/v4/21/04/69/21046977-1ab9-aa1f-007b-254c799cf5ed/AppIcon-0-0-1x_U007emarketing-0-8-0-85-220.png/100x100bb.png,https://apps.apple.com/us/app/vita-mahjong/id6468921495?uo=2,top_free,7,US,2026-08-07,https://itunes.apple.com/us/rss/topfreeapplications/limit=100/genre=6014/json
638689075,Township,Playrix,"October 23, 2013",Games,Games,https://is1-ssl.mzstatic.com/image/thumb/Purple221/v4/a8/29/69/a82969cf-173e-2e19-0a65-7f11f4a12240/AppIcon-0-0-1x_U007emarketing-0-11-0-85-220.png/100x100bb.png,https://apps.apple.com/us/app/township/id638689075?uo=2,top_free,8,US,2026-08-07,https://itunes.apple.com/us/rss/topfreeapplications/limit=100/genre=6014/json
6780195090,82-0.com,Vaulty Studios Inc.,"June 24, 2026",Games,Games,https://is1-ssl.mzstatic.com/image/thumb/Purple211/v4/c0/a1/e1/c0a1e1c5-99e0-4aff-6d33-add11deec082/AppIcon-0-0-1x_U007epad-0-1-85-220.png/100x100bb.png,https://apps.apple.com/us/app/82-0-com/id6780195090?uo=2,top_free,9,US,2026-08-07,https://itunes.apple.com/us/rss/topfreeapplications/limit=100/genre=6014/json
6759081967,Jewel Coloring,Ta Ta Game Technology Limited,"February 18, 2026",Games,Games,https://is1-ssl.mzstatic.com/image/thumb/Purple221/v4/9c/17/ab/9c17abf1-ae41-e047-d36b-780ee1d869cd/AppIcon-0-0-1x_U007emarketing-0-8-0-85-220.png/100x100bb.png,https://apps.apple.com/us/app/jewel-coloring/id6759081967?uo=2,top_free,10,US,2026-08-07,https://itunes.apple.com/us/rss/topfreeapplications/limit=100/genre=6014/json
1617391485,Block Blast！,Hungry Studio,"April 3, 2022",Games,Games,https://is1-ssl.mzstatic.com/image/thumb/Purple211/v4/5b/72/d5/5b72d564-c366-7429-ed6c-c24ea7907407/AppIcon-0-0-1x_U007emarketing-0-11-0-sRGB-85-220.png/100x100bb.png,https://apps.apple.com/us/app/block-blast/id1617391485?uo=2,top_free,11,US,2026-08-07,https://itunes.apple.com/us/rss/topfreeapplications/limit=100/genre=6014/json
6483539426,Fortnite,Epic Games Inc.,"May 20, 2025",Games,Games,https://is1-ssl.mzstatic.com/image/thumb/Purple221/v4/dd/65/5c/dd655c6b-533c-fd36-bd77-9900cb7aa3f7/AppIcon-0-0-1x_U007epad-0-1-85-220.png/100x100bb.png,https://apps.apple.com/us/app/fortnite/id6483539426?uo=2,top_free,12,US,2026-08-07,https://itunes.apple.com/us/rss/topfreeapplications/limit=100/genre=6014/json
6748397500,Arrows – Puzzle Escape,Lessmore GmbH,"August 9, 2025",Games,Games,https://is1-ssl.mzstatic.com/image/thumb/Purple211/v4/5b/79/f8/5b79f8dc-3523-faa9-8633-8db53f60cb27/AppIcon-0-0-1x_U007emarketing-0-8-0-85-220.png/100x100bb.png,https://apps.apple.com/us/app/arrows-puzzle-escape/id6748397500?uo=2,top_free,13,US,2026-08-07,https://itunes.apple.com/us/rss/topfreeapplications/limit=100/genre=6014/json
6471045672,Tasty Travels: Merge Game,Century Games Pte. Ltd.,"April 11, 2024",Games,Games,https://is1-ssl.mzstatic.com/image/thumb/Purple211/v4/d7/23/4f/d7234f4d-5ec1-9e4d-2cdc-33915438ccba/AppIcon-0-0-1x_U007emarketing-0-8-0-85-220.png/100x100bb.png,https://apps.apple.com/us/app/tasty-travels-merge-game/id6471045672?uo=2,top_free,14,US,2026-08-07,https://itunes.apple.com/us/rss/topfreeapplications/limit=100/genre=6014/json
1623318294,Gossip Harbor®: Merge & Story,Microfun Limited,"July 7, 2022",Games,Games,https://is1-ssl.mzstatic.com/image/thumb/Purple211/v4/c8/f1/39/c8f13920-a7db-01ed-f72c-d0a07478515a/AppIcon-0-0-1x_U007emarketing-0-8-0-85-220.png/100x100bb.png,https://apps.apple.com/us/app/gossip-harbor-merge-story/id1623318294?uo=2,top_free,15,US,2026-08-07,https://itunes.apple.com/us/rss/topfreeapplications/limit=100/genre=6014/json
6748950306,Solitaire Associations Journey,Hitapps Games LTD,"September 11, 2025",Games,Games,https://is1-ssl.mzstatic.com/image/thumb/Purple221/v4/3e/9e/1c/3e9e1c51-fee7-203f-a4df-ce86f6a964a5/AppIcon-0-0-1x_U007emarketing-0-8-0-85-220.png/100x100bb.png,https://apps.apple.com/us/app/solitaire-associations-journey/id6748950306?uo=2,top_free,16,US,2026-08-07,https://itunes.apple.com/us/rss/topfreeapplications/limit=100/genre=6014/json
6443575749,Whiteout Survival,Century Games Pte. Ltd.,"February 12, 2023",Games,Games,https://is1-ssl.mzstatic.com/image/thumb/Purple211/v4/00/4e/1c/004e1c54-f26a-10ac-800b-4bd3c04a4d53/AppIcon-0-0-1x_U007emarketing-0-8-0-85-220.png/100x100bb.png,https://apps.apple.com/us/app/whiteout-survival/id6443575749?uo=2,top_free,17,US,2026-08-07,https://itunes.apple.com/us/rss/topfreeapplications/limit=100/genre=6014/json
6742809194,Warline: Sniper Strike,Powerfantasy,"July 22, 2026",Games,Games,https://is1-ssl.mzstatic.com/image/thumb/Purple221/v4/15/a2/a3/15a2a34a-6755-083a-fd6d-2b4cfd188aff/AppIcon-Global-0-0-1x_U007epad-0-1-85-220.png/100x100bb.png,https://apps.apple.com/us/app/warline-sniper-strike/id6742809194?uo=2,top_free,18,US,2026-08-07,https://itunes.apple.com/us/rss/topfreeapplications/limit=100/genre=6014/json
6751056652,Pixel Flow!,Loom Games Oyun Yazilim ve Pazarlama Anonim Sirketi,"August 17, 2025",Games,Games,https://is1-ssl.mzstatic.com/image/thumb/Purple211/v4/1d/42/f1/1d42f104-d58e-afd1-3111-20c8f70e8f10/AppIcon-0-0-1x_U007emarketing-0-8-0-85-220.png/100x100bb.png,https://apps.apple.com/us/app/pixel-flow/id6751056652?uo=2,top_free,19,US,2026-08-07,https://itunes.apple.com/us/rss/topfreeapplications/limit=100/genre=6014/json
1482155847,Royal Match,Dream Games,"February 25, 2021",Games,Games,https://is1-ssl.mzstatic.com/image/thumb/Purple211/v4/bf/00/76/bf0076c8-d6d1-d404-e895-0848a066e0a2/AppIcon-0-0-1x_U007emarketing-0-8-0-85-220.png/100x100bb.png,https://apps.apple.com/us/app/royal-match/id1482155847?uo=2,top_free,20,US,2026-08-07,https://itunes.apple.com/us/rss/topfreeapplications/limit=100/genre=6014/json
1621328561,MONOPOLY GO!,"Scopely, Inc.","April 11, 2023",Games,Games,https://is1-ssl.mzstatic.com/image/thumb/Purple211/v4/a1/f3/fc/a1f3fcfc-1189-6c59-93e6-2163adaba1f1/AppIcon-0-0-1x_U007emarketing-0-8-0-85-220.png/100x100bb.png,https://apps.apple.com/us/app/monopoly-go/id1621328561?uo=2,top_free,21,US,2026-08-07,https://itunes.apple.com/us/rss/topfreeapplications/limit=100/genre=6014/json
1608987929,Triumph Arcade,Triumph Arcade,"February 22, 2022",Games,Games,https://is1-ssl.mzstatic.com/image/thumb/Purple221/v4/6d/0e/47/6d0e4750-c5f8-23d8-94e9-627ef6aec86a/AppIcon-0-0-1x_U007emarketing-0-7-0-85-220.png/100x100bb.png,https://apps.apple.com/us/app/triumph-arcade/id1608987929?uo=2,top_free,22,US,2026-08-07,https://itunes.apple.com/us/rss/topfreeapplications/limit=100/genre=6014/json
6739554056,Kingshot,Century Games Pte. Ltd.,"February 22, 2025",Games,Games,https://is1-ssl.mzstatic.com/image/thumb/Purple211/v4/54/70/e5/5470e57a-21ef-2bce-6ef2-87fb86a8bc36/AppIcon-0-0-1x_U007emarketing-0-8-0-85-220.png/100x100bb.png,https://apps.apple.com/us/app/kingshot/id6739554056?uo=2,top_free,23,US,2026-08-07,https://itunes.apple.com/us/rss/topfreeapplications/limit=100/genre=6014/json
6758326278,Amaze GO!,Oakever Games,"February 13, 2026",Games,Games,https://is1-ssl.mzstatic.com/image/thumb/Purple211/v4/bb/9a/43/bb9a435c-bde2-e86e-f0fb-f265b472512d/AppIcon-0-0-1x_U007emarketing-0-8-0-85-220.png/100x100bb.png,https://apps.apple.com/us/app/amaze-go/id6758326278?uo=2,top_free,24,US,2026-08-07,https://itunes.apple.com/us/rss/topfreeapplications/limit=100/genre=6014/json
6755455500,Hollywood Merge,VoyagerOne,"February 27, 2026",Games,Games,https://is1-ssl.mzstatic.com/image/thumb/Purple221/v4/9a/fc/fd/9afcfdd1-b735-e632-c54b-01c9240357f8/AppIcon-0-0-1x_U007emarketing-0-8-0-85-220.png/100x100bb.png,https://apps.apple.com/us/app/hollywood-merge/id6755455500?uo=2,top_free,25,US,2026-08-07,https://itunes.apple.com/us/rss/topfreeapplications/limit=100/genre=6014/json
6756058501,Jelly Busters: Puzzle Game,Moon Active,"January 26, 2026",Games,Games,https://is1-ssl.mzstatic.com/image/thumb/Purple221/v4/a1/8c/70/a18c709e-20e6-e5dc-2313-93b3c2ad469f/AppIcon-0-0-1x_U007emarketing-0-8-0-85-220.png/100x100bb.png,https://apps.apple.com/us/app/jelly-busters-puzzle-game/id6756058501?uo=2,top_free,26,US,2026-08-07,https://itunes.apple.com/us/rss/topfreeapplications/limit=100/genre=6014/json
1606549505,Royal Kingdom,Dream Games,"November 21, 2024",Games,Games,https://is1-ssl.mzstatic.com/image/thumb/Purple221/v4/f9/d0/a8/f9d0a820-63f0-0a79-1f58-48dbae66c0ff/AppIcon-0-0-1x_U007emarketing-0-8-0-85-220.png/100x100bb.png,https://apps.apple.com/us/app/royal-kingdom/id1606549505?uo=2,top_free,27,US,2026-08-07,https://itunes.apple.com/us/rss/topfreeapplications/limit=100/genre=6014/json
512939461,Subway Surfers,Sybo Games ApS,"May 24, 2012",Games,Games,https://is1-ssl.mzstatic.com/image/thumb/Purple211/v4/c3/a4/a1/c3a4a166-6089-b52c-bd31-50e10eeff721/AppIcon-0-0-1x_U007emarketing-0-8-0-85-220.png/100x100bb.png,https://apps.apple.com/us/app/subway-surfers/id512939461?uo=2,top_free,28,US,2026-08-07,https://itunes.apple.com/us/rss/topfreeapplications/limit=100/genre=6014/json
6744304405,Cider Casino - Real Money,Mystic Mirror Studio Limited,"September 25, 2025",Games,Games,https://is1-ssl.mzstatic.com/image/thumb/Purple221/v4/ad/ba/0e/adba0eaa-f494-6f73-8583-fe4bca109de1/AppIcon-0-0-1x_U007epad-0-11-0-85-220.png/100x100bb.png,https://apps.apple.com/us/app/cider-casino-real-money/id6744304405?uo=2,top_free,29,US,2026-08-07,https://itunes.apple.com/us/rss/topfreeapplications/limit=100/genre=6014/json
6760325543,CubeAway - 3DPuzzle,"GOODROID,Inc.","March 13, 2026",Games,Games,https://is1-ssl.mzstatic.com/image/thumb/Purple221/v4/bc/c3/64/bcc364aa-74dd-504a-be7a-1a3dc0d90471/AppIcon-1x_U007emarketing-0-8-0-85-220-0.png/100x100bb.png,https://apps.apple.com/us/app/cubeaway-3dpuzzle/id6760325543?uo=2,top_free,30,US,2026-08-07,https://itunes.apple.com/us/rss/topfreeapplications/limit=100/genre=6014/json
6747492600,Mahjong Blast,Nebula Studio,"June 24, 2025",Games,Games,https://is1-ssl.mzstatic.com/image/thumb/Purple211/v4/03/b8/27/03b82729-b897-2e8f-87dc-d7bb429dc83b/AppIcon-0-0-1x_U007epad-0-11-0-85-220.png/100x100bb.png,https://apps.apple.com/us/app/mahjong-blast/id6747492600?uo=2,top_free,31,US,2026-08-07,https://itunes.apple.com/us/rss/topfreeapplications/limit=100/genre=6014/json
1351168404,Among Us!,InnerSloth LLC,"July 25, 2018",Games,Games,https://is1-ssl.mzstatic.com/image/thumb/Purple211/v4/57/dc/f8/57dcf861-9c14-e964-6f5b-09f8c4fff8d2/AppIcon-0-0-1x_U007emarketing-0-8-0-85-220.png/100x100bb.png,https://apps.apple.com/us/app/among-us/id1351168404?uo=2,top_free,32,US,2026-08-07,https://itunes.apple.com/us/rss/topfreeapplications/limit=100/genre=6014/json
6746437378,Tang Luck: Casino Slots,SpinShift Limited,"July 24, 2025",Games,Games,https://is1-ssl.mzstatic.com/image/thumb/Purple211/v4/09/bf/9e/09bf9e82-b161-fe43-5ab9-d782c834d1d2/AppIcon-0-0-1x_U007emarketing-0-9-0-85-220.png/100x100bb.png,https://apps.apple.com/us/app/tang-luck-casino-slots/id6746437378?uo=2,top_free,33,US,2026-08-07,https://itunes.apple.com/us/rss/topfreeapplications/limit=100/genre=6014/json
1287282214,Call of Duty®: Mobile,"Activision Publishing, Inc.","September 30, 2019",Games,Games,https://is1-ssl.mzstatic.com/image/thumb/Purple221/v4/62/09/3c/62093c33-07fa-9c35-084e-81f717e1b16f/AppIcon-0-0-1x_U007emarketing-0-10-0-85-220.png/100x100bb.png,https://apps.apple.com/us/app/call-of-duty-mobile/id1287282214?uo=2,top_free,34,US,2026-08-07,https://itunes.apple.com/us/rss/topfreeapplications/limit=100/genre=6014/json
6769314786,Food Hunt: Pixel Puzzle,FUNFINITY PTE. LTD,"May 14, 2026",Games,Games,https://is1-ssl.mzstatic.com/image/thumb/Purple211/v4/e9/9a/59/e99a592a-289f-a295-4531-72cd56ad731f/AppIcon-0-0-1x_U007emarketing-0-8-0-85-220.png/100x100bb.png,https://apps.apple.com/us/app/food-hunt-pixel-puzzle/id6769314786?uo=2,top_free,35,US,2026-08-07,https://itunes.apple.com/us/rss/topfreeapplications/limit=100/genre=6014/json
1446254576,Solitaire Cash: Win Real Money,Papaya Gaming,"December 28, 2018",Games,Games,https://is1-ssl.mzstatic.com/image/thumb/Purple221/v4/e4/7a/8b/e47a8be3-3171-9fa1-3399-2fe5af1480d3/AppIcon-0-0-1x_U007emarketing-0-8-0-85-220.png/100x100bb.png,https://apps.apple.com/us/app/solitaire-cash-win-real-money/id1446254576?uo=2,top_free,36,US,2026-08-07,https://itunes.apple.com/us/rss/topfreeapplications/limit=100/genre=6014/json
1443446174,Magic Tiles 3™: Piano Game,Amanotes Pte. Ltd.,"December 15, 2018",Games,Games,https://is1-ssl.mzstatic.com/image/thumb/Purple211/v4/d1/cc/6e/d1cc6ea3-fd2b-51d2-1bff-891567952a42/AppIcon-0-0-1x_U007emarketing-0-8-0-85-220.png/100x100bb.png,https://apps.apple.com/us/app/magic-tiles-3-piano-game/id1443446174?uo=2,top_free,37,US,2026-08-07,https://itunes.apple.com/us/rss/topfreeapplications/limit=100/genre=6014/json
6746328263,Castle Busters,Voodoo,"May 26, 2025",Games,Games,https://is1-ssl.mzstatic.com/image/thumb/Purple221/v4/9f/e3/74/9fe374cd-facb-9f3b-4909-7bd94650693a/AppIcon-0-0-1x_U007emarketing-0-8-0-85-220.png/100x100bb.png,https://apps.apple.com/us/app/castle-busters/id6746328263?uo=2,top_free,38,US,2026-08-07,https://itunes.apple.com/us/rss/topfreeapplications/limit=100/genre=6014/json
6756482832,Brain Puzzle 3: Crazy Mind,SmallStep Dev Team,"December 20, 2025",Games,Games,https://is1-ssl.mzstatic.com/image/thumb/Purple211/v4/9c/fd/f5/9cfdf565-9707-660b-0687-e46b660c2d53/AppIcon-0-0-1x_U007emarketing-0-8-0-85-220.png/100x100bb.png,https://apps.apple.com/us/app/brain-puzzle-3-crazy-mind/id6756482832?uo=2,top_free,39,US,2026-08-07,https://itunes.apple.com/us/rss/topfreeapplications/limit=100/genre=6014/json
6760377931,Mahjong Rumble: Win Real Cash,Aviagames Inc.,"April 14, 2026",Games,Games,https://is1-ssl.mzstatic.com/image/thumb/Purple221/v4/5a/e1/3c/5ae13ccb-c834-90a0-6a4a-8562087a8f9b/AppIcon-0-0-1x_U007emarketing-0-8-0-85-220.png/100x100bb.png,https://apps.apple.com/us/app/mahjong-rumble-win-real-cash/id6760377931?uo=2,top_free,40,US,2026-08-07,https://itunes.apple.com/us/rss/topfreeapplications/limit=100/genre=6014/json
1522266397,Bingo Cash - Win Real Money,Papaya Gaming,"June 1, 2021",Games,Games,https://is1-ssl.mzstatic.com/image/thumb/Purple221/v4/91/4f/30/914f302f-75af-4575-361e-ef7ae8f24d26/AppIcon-0-0-1x_U007emarketing-0-8-0-85-220.png/100x100bb.png,https://apps.apple.com/us/app/bingo-cash-win-real-money/id1522266397?uo=2,top_free,41,US,2026-08-07,https://itunes.apple.com/us/rss/topfreeapplications/limit=100/genre=6014/json
6756288168,Cookingo: Perfect Meal,Higame Global Limited,"December 16, 2025",Games,Games,https://is1-ssl.mzstatic.com/image/thumb/Purple221/v4/63/78/d0/6378d001-2ab2-5210-8ef2-23ae533de30a/AppIcon-1x_U007emarketing-0-8-0-85-220-0.png/100x100bb.png,https://apps.apple.com/us/app/cookingo-perfect-meal/id6756288168?uo=2,top_free,42,US,2026-08-07,https://itunes.apple.com/us/rss/topfreeapplications/limit=100/genre=6014/json
6759412341,EA College Football Mobile 27,Electronic Arts,"July 9, 2026",Games,Games,https://is1-ssl.mzstatic.com/image/thumb/Purple211/v4/e0/3b/33/e03b3359-114b-0ef3-78b9-7dbb3f6a4374/AppIcon-0-0-1x_U007epad-0-1-85-220.png/100x100bb.png,https://apps.apple.com/us/app/ea-college-football-mobile-27/id6759412341?uo=2,top_free,43,US,2026-08-07,https://itunes.apple.com/us/rss/topfreeapplications/limit=100/genre=6014/json
6779167923,Colony Flow!,ABI GLOBAL LTD.,"June 13, 2026",Games,Games,https://is1-ssl.mzstatic.com/image/thumb/Purple221/v4/dd/97/bb/dd97bb80-e254-2e6a-a175-98ac6107529d/AppIcon-0-0-1x_U007emarketing-0-8-0-85-220.png/100x100bb.png,https://apps.apple.com/us/app/colony-flow/id6779167923?uo=2,top_free,44,US,2026-08-07,https://itunes.apple.com/us/rss/topfreeapplications/limit=100/genre=6014/json
553834731,Candy Crush Saga,King,"November 14, 2012",Games,Games,https://is1-ssl.mzstatic.com/image/thumb/Purple211/v4/08/78/ab/0878ab16-dd84-7d83-48e8-0af4e8b2c657/AppIcon-0-0-1x_U007emarketing-0-8-0-85-220.png/100x100bb.png,https://apps.apple.com/us/app/candy-crush-saga/id553834731?uo=2,top_free,45,US,2026-08-07,https://itunes.apple.com/us/rss/topfreeapplications/limit=100/genre=6014/json
6757154335,Cube Land Puzzle Game,Rotatelab,"January 18, 2026",Games,Games,https://is1-ssl.mzstatic.com/image/thumb/Purple211/v4/49/22/13/4922139a-c837-1f9c-924f-aff8ea673fbd/AppIcon-0-0-1x_U007emarketing-0-8-0-85-220.png/100x100bb.png,https://apps.apple.com/us/app/cube-land-puzzle-game/id6757154335?uo=2,top_free,46,US,2026-08-07,https://itunes.apple.com/us/rss/topfreeapplications/limit=100/genre=6014/json
6449094229,Match Factory!,Peak Games,"November 1, 2023",Games,Games,https://is1-ssl.mzstatic.com/image/thumb/Purple211/v4/2e/e8/db/2ee8db15-2aaa-cbdf-8eba-690904d134ff/AppIcon-0-0-1x_U007emarketing-0-8-0-85-220.png/100x100bb.png,https://apps.apple.com/us/app/match-factory/id6449094229?uo=2,top_free,47,US,2026-08-07,https://itunes.apple.com/us/rss/topfreeapplications/limit=100/genre=6014/json
543186831,8 Ball Pool™,Miniclip.com,"February 27, 2013",Games,Games,https://is1-ssl.mzstatic.com/image/thumb/Purple221/v4/24/3d/52/243d5254-14b1-70ac-ff13-2643fcc50336/AppIcon-0-0-1x_U007emarketing-0-8-0-85-220.png/100x100bb.png,https://apps.apple.com/us/app/8-ball-pool/id543186831?uo=2,top_free,48,US,2026-08-07,https://itunes.apple.com/us/rss/topfreeapplications/limit=100/genre=6014/json
6780891673,Royal Smash! - Physics Puzzle,Cypher Games,"June 30, 2026",Games,Games,https://is1-ssl.mzstatic.com/image/thumb/Purple211/v4/a6/90/98/a69098f2-1c95-76be-4c15-5a29d4defc09/AppIcon-0-0-1x_U007emarketing-0-8-0-85-220.png/100x100bb.png,https://apps.apple.com/us/app/royal-smash-physics-puzzle/id6780891673?uo=2,top_free,49,US,2026-08-07,https://itunes.apple.com/us/rss/topfreeapplications/limit=100/genre=6014/json
1193508329,Sudoku.com - Number Games,Easybrain Ltd,"March 30, 2017",Games,Games,https://is1-ssl.mzstatic.com/image/thumb/Purple221/v4/5e/4c/4f/5e4c4f34-7a0f-1e1e-6a3a-320577cd22ec/AppIcon-0-0-1x_U007emarketing-0-8-0-85-220.png/100x100bb.png,https://apps.apple.com/us/app/sudoku-com-number-games/id1193508329?uo=2,top_free,50,US,2026-08-07,https://itunes.apple.com/us/rss/topfreeapplications/limit=100/genre=6014/json
6503697761,Playtest Pro by BestPlay,Bestplay Systems,"July 1, 2024",Games,Games,https://is1-ssl.mzstatic.com/image/thumb/Purple221/v4/e0/cc/48/e0cc4868-7aa0-3aa1-db8e-59371eaa4c34/AppIcon-0-0-1x_U007emarketing-0-8-0-85-220.png/100x100bb.png,https://apps.apple.com/us/app/playtest-pro-by-bestplay/id6503697761?uo=2,top_free,51,US,2026-08-07,https://itunes.apple.com/us/rss/topfreeapplications/limit=100/genre=6014/json
6756185760,Search It - Hidden Objects,LEAP BILISIM TEKNOLOJILERI VE YAZILIM TICARET ANONIM SIRKETI,"December 29, 2025",Games,Games,https://is1-ssl.mzstatic.com/image/thumb/Purple221/v4/44/3c/e1/443ce13e-05d1-ff6d-9ab7-965b758e6afc/AppIcon-0-0-1x_U007emarketing-0-8-0-85-220.png/100x100bb.png,https://apps.apple.com/us/app/search-it-hidden-objects/id6756185760?uo=2,top_free,52,US,2026-08-07,https://itunes.apple.com/us/rss/topfreeapplications/limit=100/genre=6014/json
1389111413,Hole.io,Voodoo,"June 23, 2018",Games,Games,https://is1-ssl.mzstatic.com/image/thumb/Purple221/v4/8b/bb/2b/8bbb2b36-a908-82d6-681d-95b422e9e256/AppIcon-0-0-1x_U007emarketing-0-8-0-85-220.png/100x100bb.png,https://apps.apple.com/us/app/hole-io/id1389111413?uo=2,top_free,53,US,2026-08-07,https://itunes.apple.com/us/rss/topfreeapplications/limit=100/genre=6014/json
6751794501,Cash Avalanche:Casino Slot,"RELLGO, INC.","November 11, 2025",Games,Games,https://is1-ssl.mzstatic.com/image/thumb/Purple211/v4/ea/6e/7a/ea6e7adc-631e-9b29-345c-a23c4a01bf40/AppIcon-0-0-1x_U007emarketing-0-8-0-85-220.png/100x100bb.png,https://apps.apple.com/us/app/cash-avalanche-casino-slot/id6751794501?uo=2,top_free,54,US,2026-08-07,https://itunes.apple.com/us/rss/topfreeapplications/limit=100/genre=6014/json
6446197181,Glow Fashion Idol,Crazy Labs,"May 22, 2024",Games,Games,https://is1-ssl.mzstatic.com/image/thumb/Purple221/v4/21/da/c8/21dac817-cf68-6d2c-11f6-4a72fc9fd0cc/AppIcon-1x_U007emarketing-0-8-0-85-220-0.png/100x100bb.png,https://apps.apple.com/us/app/glow-fashion-idol/id6446197181?uo=2,top_free,55,US,2026-08-07,https://itunes.apple.com/us/rss/topfreeapplications/limit=100/genre=6014/json
6482849843,Goods Puzzle: Sort Challenge,FALCON GAMES,"April 11, 2024",Games,Games,https://is1-ssl.mzstatic.com/image/thumb/Purple221/v4/bf/87/dc/bf87dcf9-6383-5f89-9f0d-fececc133cf5/AppIcon-0-0-1x_U007emarketing-0-8-0-85-220.png/100x100bb.png,https://apps.apple.com/us/app/goods-puzzle-sort-challenge/id6482849843?uo=2,top_free,56,US,2026-08-07,https://itunes.apple.com/us/rss/topfreeapplications/limit=100/genre=6014/json
6739069151,Crossword Go!,PlaySimple Games Pte Ltd,"December 10, 2024",Games,Games,https://is1-ssl.mzstatic.com/image/thumb/Purple221/v4/4f/49/ae/4f49aeb8-881c-4cf7-4948-c851ae85b92b/AppIcon-0-0-1x_U007emarketing-0-8-0-85-220.png/100x100bb.png,https://apps.apple.com/us/app/crossword-go/id6739069151?uo=2,top_free,57,US,2026-08-07,https://itunes.apple.com/us/rss/topfreeapplications/limit=100/genre=6014/json
1423046460,Paper.io 2,Voodoo,"August 8, 2018",Games,Games,https://is1-ssl.mzstatic.com/image/thumb/Purple221/v4/9a/5a/27/9a5a271c-34ec-a489-35f0-45316bcf65af/AppIcon-0-0-1x_U007emarketing-0-8-0-85-220.png/100x100bb.png,https://apps.apple.com/us/app/paper-io-2/id1423046460?uo=2,top_free,58,US,2026-08-07,https://itunes.apple.com/us/rss/topfreeapplications/limit=100/genre=6014/json
880047117,Angry Birds 2,Rovio Entertainment Oyj,"July 29, 2015",Games,Games,https://is1-ssl.mzstatic.com/image/thumb/Purple221/v4/fc/35/45/fc3545e0-93fe-8b0b-71d7-e80f35a2b940/AppIcon-0-0-1x_U007emarketing-0-8-0-85-220.png/100x100bb.png,https://apps.apple.com/us/app/angry-birds-2/id880047117?uo=2,top_free,59,US,2026-08-07,https://itunes.apple.com/us/rss/topfreeapplications/limit=100/genre=6014/json
6745120053,Imposter Game - Party Edition,Sven Vucak,"May 18, 2025",Games,Games,https://is1-ssl.mzstatic.com/image/thumb/Purple211/v4/10/69/e0/1069e0bd-1564-9f77-7ea4-a8072e6e90ff/AppIcon-0-0-1x_U007emarketing-0-11-0-0-85-220.png/100x100bb.png,https://apps.apple.com/us/app/imposter-game-party-edition/id6745120053?uo=2,top_free,60,US,2026-08-07,https://itunes.apple.com/us/rss/topfreeapplications/limit=100/genre=6014/json
1562817072,Mob Control,Voodoo,"April 13, 2021",Games,Games,https://is1-ssl.mzstatic.com/image/thumb/Purple221/v4/cd/b2/9b/cdb29b59-abfe-f3a9-9786-f77cb7825d27/AppIcon-0-0-1x_U007emarketing-0-8-0-85-220.png/100x100bb.png,https://apps.apple.com/us/app/mob-control/id1562817072?uo=2,top_free,61,US,2026-08-07,https://itunes.apple.com/us/rss/topfreeapplications/limit=100/genre=6014/json
6744975195,Sled Surfers,Crazy Labs,"April 29, 2025",Games,Games,https://is1-ssl.mzstatic.com/image/thumb/Purple211/v4/1a/23/cd/1a23cd1d-77bf-6330-a631-082b7b64ba16/AppIcon-1x_U007emarketing-0-8-0-85-220-0.png/100x100bb.png,https://apps.apple.com/us/app/sled-surfers/id6744975195?uo=2,top_free,62,US,2026-08-07,https://itunes.apple.com/us/rss/topfreeapplications/limit=100/genre=6014/json
1094930513,EA SPORTS FC Soccer Mobile 26,Electronic Arts,"October 11, 2016",Games,Games,https://is1-ssl.mzstatic.com/image/thumb/Purple221/v4/11/53/62/115362dd-6195-b5d4-e42a-b73ef93e28f5/AppIcon-0-0-1x_U007emarketing-0-8-0-85-220.png/100x100bb.png,https://apps.apple.com/us/app/ea-sports-fc-soccer-mobile-26/id1094930513?uo=2,top_free,63,US,2026-08-07,https://itunes.apple.com/us/rss/topfreeapplications/limit=100/genre=6014/json
6768564100,Bruno Reels Casino,EverPrime Futures Inc.,"May 16, 2026",Games,Games,https://is1-ssl.mzstatic.com/image/thumb/Purple221/v4/d8/90/d4/d890d487-a1b7-b9f5-f95e-433507a1d9bf/AppIcon-0-0-1x_U007emarketing-0-8-0-85-220.png/100x100bb.png,https://apps.apple.com/us/app/bruno-reels-casino/id6768564100?uo=2,top_free,64,US,2026-08-07,https://itunes.apple.com/us/rss/topfreeapplications/limit=100/genre=6014/json
6738109752,Tiles Survive!,FunPlus International AG,"July 3, 2025",Games,Games,https://is1-ssl.mzstatic.com/image/thumb/Purple211/v4/39/7c/49/397c4918-5566-5690-9b51-b8a0de2081b9/FPX_AppIcon-0-0-1x_U007emarketing-0-8-0-85-220.png/100x100bb.png,https://apps.apple.com/us/app/tiles-survive/id6738109752?uo=2,top_free,65,US,2026-08-07,https://itunes.apple.com/us/rss/topfreeapplications/limit=100/genre=6014/json
6755495631,Packz,Packz,"March 26, 2026",Games,Games,https://is1-ssl.mzstatic.com/image/thumb/Purple221/v4/f8/54/9b/f8549b63-eb14-8b68-de2f-2fb2075f82ad/AppIcon-0-0-1x_U007ephone-0-1-0-85-220.jpeg/100x100bb.png,https://apps.apple.com/us/app/packz/id6755495631?uo=2,top_free,66,US,2026-08-07,https://itunes.apple.com/us/rss/topfreeapplications/limit=100/genre=6014/json
1176027022,Toon Blast,Peak Games,"August 15, 2017",Games,Games,https://is1-ssl.mzstatic.com/image/thumb/Purple211/v4/dd/b4/72/ddb472bd-c060-b30c-0de8-452e46c2fc41/AppIcon-0-0-1x_U007emarketing-0-8-0-85-220.png/100x100bb.png,https://apps.apple.com/us/app/toon-blast/id1176027022?uo=2,top_free,67,US,2026-08-07,https://itunes.apple.com/us/rss/topfreeapplications/limit=100/genre=6014/json
1595314851,Lamar - Idle Vlogger,Crazy Labs,"December 20, 2021",Games,Games,https://is1-ssl.mzstatic.com/image/thumb/Purple221/v4/04/b3/dc/04b3dcfd-6630-bb41-50fc-61f39e8b5776/AppIcon-1x_U007emarketing-0-8-0-85-220-0.png/100x100bb.png,https://apps.apple.com/us/app/lamar-idle-vlogger/id1595314851?uo=2,top_free,68,US,2026-08-07,https://itunes.apple.com/us/rss/topfreeapplications/limit=100/genre=6014/json
1094591345,Pokémon GO,"Scopely Explore, Inc.","July 6, 2016",Games,Games,https://is1-ssl.mzstatic.com/image/thumb/Purple221/v4/1e/0d/a8/1e0da8c5-c56a-68ef-601f-33078883892c/AppIcon-0-0-1x_U007emarketing-0-8-0-85-220.png/100x100bb.png,https://apps.apple.com/us/app/pok%C3%A9mon-go/id1094591345?uo=2,top_free,69,US,2026-08-07,https://itunes.apple.com/us/rss/topfreeapplications/limit=100/genre=6014/json
6448104157,Offline Games - No Wifi Games,Moreno Maio,"August 8, 2023",Games,Games,https://is1-ssl.mzstatic.com/image/thumb/Purple211/v4/b3/2b/9a/b32b9a2d-7cb0-720d-5b40-cc30b038931b/AppIcon-0-0-1x_U007emarketing-0-8-0-85-220.png/100x100bb.png,https://apps.apple.com/us/app/offline-games-no-wifi-games/id6448104157?uo=2,top_free,70,US,2026-08-07,https://itunes.apple.com/us/rss/topfreeapplications/limit=100/genre=6014/json
6498883328,Tile Explorer: Tiles Clear!,Oakever Games,"May 17, 2024",Games,Games,https://is1-ssl.mzstatic.com/image/thumb/Purple211/v4/b5/cd/85/b5cd85a9-6770-ff54-7d37-76e33b1c82a4/AppIcon-0-0-1x_U007emarketing-0-8-0-85-220.png/100x100bb.png,https://apps.apple.com/us/app/tile-explorer-tiles-clear/id6498883328?uo=2,top_free,71,US,2026-08-07,https://itunes.apple.com/us/rss/topfreeapplications/limit=100/genre=6014/json
6784602967,Stack Smash - 3D Puzzle Game,Tripledot Studios,"July 15, 2026",Games,Games,https://is1-ssl.mzstatic.com/image/thumb/Purple211/v4/95/d5/b8/95d5b83e-fc15-5cba-257d-265d21e95169/AppIcon-0-0-1x_U007emarketing-0-8-0-85-220.png/100x100bb.png,https://apps.apple.com/us/app/stack-smash-3d-puzzle-game/id6784602967?uo=2,top_free,72,US,2026-08-07,https://itunes.apple.com/us/rss/topfreeapplications/limit=100/genre=6014/json
329218549,Chess.com - Play and Learn,Chess.com,"October 28, 2009",Games,Games,https://is1-ssl.mzstatic.com/image/thumb/Purple221/v4/00/cb/38/00cb384e-aa40-0339-8d7d-438760429817/AppIcon-0-0-1x_U007epad-0-1-0-0-85-220.png/100x100bb.png,https://apps.apple.com/us/app/chess-com-play-and-learn/id329218549?uo=2,top_free,73,US,2026-08-07,https://itunes.apple.com/us/rss/topfreeapplications/limit=100/genre=6014/json
1207472156,Wordscapes - Word Game,"PeopleFun, Inc.","June 14, 2017",Games,Games,https://is1-ssl.mzstatic.com/image/thumb/Purple211/v4/90/b0/77/90b07711-1ba3-0f33-8748-43f16eca0f45/AppIcon-0-0-1x_U007emarketing-0-8-0-85-220.png/100x100bb.png,https://apps.apple.com/us/app/wordscapes-word-game/id1207472156?uo=2,top_free,74,US,2026-08-07,https://itunes.apple.com/us/rss/topfreeapplications/limit=100/genre=6014/json
6475757306,Disney Solitaire,SuperPlay,"April 17, 2025",Games,Games,https://is1-ssl.mzstatic.com/image/thumb/Purple211/v4/4d/64/c4/4d64c428-1ec7-a68a-0c0f-8a16d0bdcea6/AppIcon-0-0-1x_U007emarketing-0-8-0-85-220.png/100x100bb.png,https://apps.apple.com/us/app/disney-solitaire/id6475757306?uo=2,top_free,75,US,2026-08-07,https://itunes.apple.com/us/rss/topfreeapplications/limit=100/genre=6014/json
1105855019,Gardenscapes,Playrix,"August 24, 2016",Games,Games,https://is1-ssl.mzstatic.com/image/thumb/Purple211/v4/2e/3f/eb/2e3feba1-12f3-fc8a-bb10-2c2916658075/AppIcon-0-0-1x_U007emarketing-0-8-0-85-220.png/100x100bb.png,https://apps.apple.com/us/app/gardenscapes/id1105855019?uo=2,top_free,76,US,2026-08-07,https://itunes.apple.com/us/rss/topfreeapplications/limit=100/genre=6014/json
6450413462,CrownCoins Casino,Sunflower,"December 10, 2023",Games,Games,https://is1-ssl.mzstatic.com/image/thumb/Purple211/v4/d1/cf/7b/d1cf7b25-2673-cff8-22e6-ffc59c0a9f4c/AppIcon-0-0-1x_U007emarketing-0-8-0-85-220.png/100x100bb.png,https://apps.apple.com/us/app/crowncoins-casino/id6450413462?uo=2,top_free,77,US,2026-08-07,https://itunes.apple.com/us/rss/topfreeapplications/limit=100/genre=6014/json
6755183085,Yarn Loop: Knit Puzzle,Combo Games,"November 21, 2025",Games,Games,https://is1-ssl.mzstatic.com/image/thumb/Purple211/v4/14/51/f9/1451f93c-984d-34e8-07fd-c1b03f238b4f/AppIcon-0-0-1x_U007emarketing-0-8-0-85-220.png/100x100bb.png,https://apps.apple.com/us/app/yarn-loop-knit-puzzle/id6755183085?uo=2,top_free,78,US,2026-08-07,https://itunes.apple.com/us/rss/topfreeapplications/limit=100/genre=6014/json
6761603258,Loop Master: Color Jam Sort,Orange One Limited,"April 23, 2026",Games,Games,https://is1-ssl.mzstatic.com/image/thumb/Purple211/v4/15/c2/e8/15c2e824-b95e-acb4-d10b-ee3aed5a1727/AppIcon-0-0-1x_U007emarketing-0-8-0-85-220.png/100x100bb.png,https://apps.apple.com/us/app/loop-master-color-jam-sort/id6761603258?uo=2,top_free,79,US,2026-08-07,https://itunes.apple.com/us/rss/topfreeapplications/limit=100/genre=6014/json
6754009969,Jackpot Nights,Lucky Link Ltd.,"November 12, 2025",Games,Games,https://is1-ssl.mzstatic.com/image/thumb/Purple221/v4/01/b2/de/01b2ded8-6918-e0e1-00aa-fb6f47df2f07/AppIcon-0-0-1x_U007emarketing-0-8-0-85-220.png/100x100bb.png,https://apps.apple.com/us/app/jackpot-nights/id6754009969?uo=2,top_free,80,US,2026-08-07,https://itunes.apple.com/us/rss/topfreeapplications/limit=100/genre=6014/json
6474133872,Find Hidden Objects - Spot It!,Yolo Game Studios,"January 25, 2024",Games,Games,https://is1-ssl.mzstatic.com/image/thumb/Purple221/v4/ab/18/56/ab1856d1-16ae-754c-5b31-06dbfdc63497/AppIcon-0-0-1x_U007emarketing-0-8-0-85-220.png/100x100bb.png,https://apps.apple.com/us/app/find-hidden-objects-spot-it/id6474133872?uo=2,top_free,81,US,2026-08-07,https://itunes.apple.com/us/rss/topfreeapplications/limit=100/genre=6014/json
1492722342,Animals & Coins Adventure Game,Innplay Labs,"December 27, 2019",Games,Games,https://is1-ssl.mzstatic.com/image/thumb/Purple221/v4/c7/1d/ca/c71dca98-d865-e893-98a7-41895d05f1fd/AppIcon-0-0-1x_U007emarketing-0-8-0-85-220.png/100x100bb.png,https://apps.apple.com/us/app/animals-coins-adventure-game/id1492722342?uo=2,top_free,82,US,2026-08-07,https://itunes.apple.com/us/rss/topfreeapplications/limit=100/genre=6014/json
6760998152,Family Farm Merge,Century Games Innovation Pte. Ltd.,"May 9, 2026",Games,Games,https://is1-ssl.mzstatic.com/image/thumb/Purple211/v4/91/02/9d/91029dd5-d74a-6d41-1494-6b3d909aff39/AppIcon-0-0-1x_U007emarketing-0-8-0-85-220.png/100x100bb.png,https://apps.apple.com/us/app/family-farm-merge/id6760998152?uo=2,top_free,83,US,2026-08-07,https://itunes.apple.com/us/rss/topfreeapplications/limit=100/genre=6014/json
1660171117,Zen Word® - Relax Puzzle Game,Oakever Games,"January 17, 2023",Games,Games,https://is1-ssl.mzstatic.com/image/thumb/Purple211/v4/e8/96/a8/e896a85a-d639-59e1-bf86-233da6b067a4/AppIcon-0-0-1x_U007emarketing-0-8-0-85-220.png/100x100bb.png,https://apps.apple.com/us/app/zen-word-relax-puzzle-game/id1660171117?uo=2,top_free,84,US,2026-08-07,https://itunes.apple.com/us/rss/topfreeapplications/limit=100/genre=6014/json
6739124364,Top Tycoon: Coin Theme Empire,BeheFun Games Limited,"March 17, 2025",Games,Games,https://is1-ssl.mzstatic.com/image/thumb/Purple211/v4/f3/a3/51/f3a351bc-9dad-2bad-c5b8-11727f44d9e7/AppIcon-0-0-1x_U007emarketing-0-8-0-85-220.png/100x100bb.png,https://apps.apple.com/us/app/top-tycoon-coin-theme-empire/id6739124364?uo=2,top_free,85,US,2026-08-07,https://itunes.apple.com/us/rss/topfreeapplications/limit=100/genre=6014/json
1407852246,Happy Color® – Coloring Games,X-Flow,"July 29, 2018",Games,Games,https://is1-ssl.mzstatic.com/image/thumb/Purple211/v4/7e/5f/01/7e5f01eb-df6f-b0c8-571b-b5ce19064777/AppIcon-0-0-1x_U007emarketing-0-8-0-85-220.png/100x100bb.png,https://apps.apple.com/us/app/happy-color-coloring-games/id1407852246?uo=2,top_free,86,US,2026-08-07,https://itunes.apple.com/us/rss/topfreeapplications/limit=100/genre=6014/json
6761469046,Rap Star:Idle Clicker,聪 马,"April 3, 2026",Games,Games,https://is1-ssl.mzstatic.com/image/thumb/Purple211/v4/af/3e/8c/af3e8cbe-a605-954d-0acd-31d475f3841b/AppIcon-0-0-1x_U007emarketing-0-8-0-85-220.png/100x100bb.png,https://apps.apple.com/us/app/rap-star-idle-clicker/id6761469046?uo=2,top_free,87,US,2026-08-07,https://itunes.apple.com/us/rss/topfreeapplications/limit=100/genre=6014/json
1330123889,PUBG MOBILE,Tencent Mobile International Limited,"March 19, 2018",Games,Games,https://is1-ssl.mzstatic.com/image/thumb/Purple221/v4/e3/c1/54/e3c15430-c128-802a-ec17-95d0a02bc752/AppIcon-1x_U007emarketing-0-8-0-85-220-0.png/100x100bb.png,https://apps.apple.com/us/app/pubg-mobile/id1330123889?uo=2,top_free,88,US,2026-08-07,https://itunes.apple.com/us/rss/topfreeapplications/limit=100/genre=6014/json
6741567125,Clash of Critters,Farlight Games,"May 20, 2026",Games,Games,https://is1-ssl.mzstatic.com/image/thumb/Purple211/v4/1d/9a/0f/1d9a0fc8-e301-0bee-3a25-bf44005d1d6e/AppIcon-Global-0-0-1x_U007epad-0-11-0-85-220.png/100x100bb.png,https://apps.apple.com/us/app/clash-of-critters/id6741567125?uo=2,top_free,89,US,2026-08-07,https://itunes.apple.com/us/rss/topfreeapplications/limit=100/genre=6014/json
6753862216,Foodstars: Merge & Cook,Happibits,"December 11, 2025",Games,Games,https://is1-ssl.mzstatic.com/image/thumb/Purple221/v4/29/fa/f7/29faf78c-7525-67c8-ebc0-2e814c6a2675/AppIcon-0-0-1x_U007emarketing-0-8-0-85-220.png/100x100bb.png,https://apps.apple.com/us/app/foodstars-merge-cook/id6753862216?uo=2,top_free,90,US,2026-08-07,https://itunes.apple.com/us/rss/topfreeapplications/limit=100/genre=6014/json
406889139,Coin Master,Moon Active,"December 11, 2010",Games,Games,https://is1-ssl.mzstatic.com/image/thumb/Purple211/v4/3a/6b/3c/3a6b3cda-cd14-673c-e421-b11d1a47c429/AppIcon-0-0-1x_U007emarketing-0-8-0-85-220.png/100x100bb.png,https://apps.apple.com/us/app/coin-master/id406889139?uo=2,top_free,91,US,2026-08-07,https://itunes.apple.com/us/rss/topfreeapplications/limit=100/genre=6014/json
6755216191,Color Maze - Puzzle Game,"Beijing Youyoutang Technology Co.,ltd.","November 17, 2025",Games,Games,https://is1-ssl.mzstatic.com/image/thumb/Purple211/v4/0c/b6/14/0cb61468-8e99-1f16-661f-275cc73e4c27/AppIcon-0-0-1x_U007emarketing-0-8-0-85-220.png/100x100bb.png,https://apps.apple.com/us/app/color-maze-puzzle-game/id6755216191?uo=2,top_free,92,US,2026-08-07,https://itunes.apple.com/us/rss/topfreeapplications/limit=100/genre=6014/json
6477413486,Level Devil - NOT A Troll Game,WebVentures B.V.,"February 11, 2024",Games,Games,https://is1-ssl.mzstatic.com/image/thumb/Purple211/v4/d0/6a/82/d06a82bf-97b8-562e-c62a-66618dde90ad/AppIcon-0-0-1x_U007epad-0-11-0-85-220.png/100x100bb.png,https://apps.apple.com/us/app/level-devil-not-a-troll-game/id6477413486?uo=2,top_free,93,US,2026-08-07,https://itunes.apple.com/us/rss/topfreeapplications/limit=100/genre=6014/json
6756989323,Last Asylum: Plague,WISENESS GAME ONLINE INTERNATIONAL LTD,"February 11, 2026",Games,Games,https://is1-ssl.mzstatic.com/image/thumb/Purple221/v4/a1/98/6f/a1986f7e-d07d-7a41-c3b6-e232a2946672/AppIcon-0-0-1x_U007emarketing-0-8-0-85-220.png/100x100bb.png,https://apps.apple.com/us/app/last-asylum-plague/id6756989323?uo=2,top_free,94,US,2026-08-07,https://itunes.apple.com/us/rss/topfreeapplications/limit=100/genre=6014/json
1545567989,Number Match - Numbers Game,Easybrain Ltd,"October 11, 2021",Games,Games,https://is1-ssl.mzstatic.com/image/thumb/Purple221/v4/e5/97/11/e59711dd-051b-99cd-cc8f-62970ff6650b/AppIcon-0-0-1x_U007emarketing-0-8-0-85-220.png/100x100bb.png,https://apps.apple.com/us/app/number-match-numbers-game/id1545567989?uo=2,top_free,95,US,2026-08-07,https://itunes.apple.com/us/rss/topfreeapplications/limit=100/genre=6014/json
1602508478,Word Search Explorer®,PlaySimple Games Pte Ltd,"February 11, 2023",Games,Games,https://is1-ssl.mzstatic.com/image/thumb/Purple211/v4/6c/e0/25/6ce0256e-5333-c103-269c-10719919c2fb/AppIcon-0-0-1x_U007emarketing-0-8-0-85-220.png/100x100bb.png,https://apps.apple.com/us/app/word-search-explorer/id1602508478?uo=2,top_free,96,US,2026-08-07,https://itunes.apple.com/us/rss/topfreeapplications/limit=100/genre=6014/json
6740618570,XP Hero,"Supercent, Inc.","February 24, 2025",Games,Games,https://is1-ssl.mzstatic.com/image/thumb/Purple221/v4/0a/be/35/0abe351f-2db2-b9f0-24b7-703e63e64b90/AppIcon-0-0-1x_U007emarketing-0-8-0-85-220.png/100x100bb.png,https://apps.apple.com/us/app/xp-hero/id6740618570?uo=2,top_free,97,US,2026-08-07,https://itunes.apple.com/us/rss/topfreeapplications/limit=100/genre=6014/json
6745272388,Block Buster - No Timer,Lion Studios Plus,"May 24, 2025",Games,Games,https://is1-ssl.mzstatic.com/image/thumb/Purple221/v4/38/fd/95/38fd95d9-a694-ba4e-98ee-6232d1514552/AppIcon-0-0-1x_U007emarketing-0-8-0-85-220.png/100x100bb.png,https://apps.apple.com/us/app/block-buster-no-timer/id6745272388?uo=2,top_free,98,US,2026-08-07,https://itunes.apple.com/us/rss/topfreeapplications/limit=100/genre=6014/json
6779310326,Coin Collector!,Venturesis Teknoloji Anonim Sirketi,"June 18, 2026",Games,Games,https://is1-ssl.mzstatic.com/image/thumb/Purple211/v4/c5/92/d3/c592d3dd-c55e-68f4-a1d6-5941c01083a3/AppIcon-0-0-1x_U007emarketing-0-8-0-85-220.png/100x100bb.png,https://apps.apple.com/us/app/coin-collector/id6779310326?uo=2,top_free,99,US,2026-08-07,https://itunes.apple.com/us/rss/topfreeapplications/limit=100/genre=6014/json
1475514684,Bubble Cash,Papaya Gaming,"September 30, 2019",Games,Games,https://is1-ssl.mzstatic.com/image/thumb/Purple211/v4/36/19/c8/3619c878-7602-c1f6-c849-4c0a98f629b5/AppIcon-0-0-1x_U007emarketing-0-8-0-85-220.png/100x100bb.png,https://apps.apple.com/us/app/bubble-cash/id1475514684?uo=2,top_free,100,US,2026-08-07,https://itunes.apple.com/us/rss/topfreeapplications/limit=100/genre=6014/json
479516143,Minecraft: Play with Friends!,Mojang,"November 17, 2011",Games,Games,https://is1-ssl.mzstatic.com/image/thumb/Purple211/v4/5d/3c/da/5d3cdaf9-d69e-184d-e0a2-9d046df0e30e/AppIcon-0-0-1x_U007emarketing-0-10-0-85-220.png/100x100bb.png,https://apps.apple.com/us/app/minecraft-play-with-friends/id479516143?uo=2,top_paid,1,US,2026-08-07,https://itunes.apple.com/us/rss/toppaidapplications/limit=100/genre=6014/json
623592465,Heads Up!,Warner Bros.,"May 2, 2013",Games,Games,https://is1-ssl.mzstatic.com/image/thumb/Purple221/v4/a5/89/35/a589355c-a6a6-364b-3c79-2b8e5ef36dce/AppIcon-0-0-1x_U007emarketing-0-8-0-85-220.png/100x100bb.png,https://apps.apple.com/us/app/heads-up/id623592465?uo=2,top_paid,2,US,2026-08-07,https://itunes.apple.com/us/rss/toppaidapplications/limit=100/genre=6014/json
6753077755,How Many Dudes?,"Butterscotch Shenanigans, Inc.","July 30, 2026",Games,Games,https://is1-ssl.mzstatic.com/image/thumb/Purple221/v4/0a/e9/3a/0ae93a74-51c3-bfbe-eb80-259e167b471a/AppIcon-0-0-1x_U007emarketing-0-8-0-85-220.png/100x100bb.png,https://apps.apple.com/us/app/how-many-dudes/id6753077755?uo=2,top_paid,3,US,2026-08-07,https://itunes.apple.com/us/rss/toppaidapplications/limit=100/genre=6014/json
525818839,Plague Inc.,Ndemic Creations,"May 25, 2012",Games,Games,https://is1-ssl.mzstatic.com/image/thumb/Purple211/v4/ae/67/15/ae6715a6-094d-c999-7163-bf08d069651c/AppIcon-0-0-1x_U007emarketing-0-8-0-0-sRGB-85-220.png/100x100bb.png,https://apps.apple.com/us/app/plague-inc/id525818839?uo=2,top_paid,4,US,2026-08-07,https://itunes.apple.com/us/rss/toppaidapplications/limit=100/genre=6014/json
625334537,Geometry Dash,RobTop Games AB,"August 13, 2013",Games,Games,https://is1-ssl.mzstatic.com/image/thumb/Purple211/v4/5a/d5/97/5ad5971d-b8ea-d82f-415f-f69be6bde65c/AppIcon-1x_U007emarketing-0-11-0-85-220-0.png/100x100bb.png,https://apps.apple.com/us/app/geometry-dash/id625334537?uo=2,top_paid,5,US,2026-08-07,https://itunes.apple.com/us/rss/toppaidapplications/limit=100/genre=6014/json
1118115766,Bloons TD 6,Ninja Kiwi,"June 14, 2018",Games,Games,https://is1-ssl.mzstatic.com/image/thumb/Purple221/v4/51/35/de/5135de6a-3a09-8a28-e1cd-36f6b3778d42/AppIcon-1x_U007emarketing-0-8-0-85-220-0.png/100x100bb.png,https://apps.apple.com/us/app/bloons-td-6/id1118115766?uo=2,top_paid,6,US,2026-08-07,https://itunes.apple.com/us/rss/toppaidapplications/limit=100/genre=6014/json
6502453075,Balatro,Playstack Ltd,"September 26, 2024",Games,Games,https://is1-ssl.mzstatic.com/image/thumb/Purple211/v4/6d/d3/0c/6dd30caf-f830-22d5-ba44-448cdff0df30/iOS_AppIcon_Premium-0-0-1x_U007epad-0-1-85-220.png/100x100bb.png,https://apps.apple.com/us/app/balatro/id6502453075?uo=2,top_paid,7,US,2026-08-07,https://itunes.apple.com/us/rss/toppaidapplications/limit=100/genre=6014/json
1596736236,Red's First Flight,Rovio Entertainment Oyj,"March 31, 2022",Games,Games,https://is1-ssl.mzstatic.com/image/thumb/Purple126/v4/16/b2/ca/16b2ca07-9218-4469-5e09-29addd3eff9e/AppIcon-1x_U007emarketing-0-7-0-85-220.png/100x100bb.png,https://apps.apple.com/us/app/reds-first-flight/id1596736236?uo=2,top_paid,8,US,2026-08-07,https://itunes.apple.com/us/rss/toppaidapplications/limit=100/genre=6014/json
1406710800,Stardew Valley,ConcernedApe,"October 24, 2018",Games,Games,https://is1-ssl.mzstatic.com/image/thumb/Purple211/v4/0e/df/12/0edf1230-3f6e-fbb3-7f72-f2aa844d100a/AppIcons-0-0-1x_U007emarketing-0-8-0-85-220.png/100x100bb.png,https://apps.apple.com/us/app/stardew-valley/id1406710800?uo=2,top_paid,9,US,2026-08-07,https://itunes.apple.com/us/rss/toppaidapplications/limit=100/genre=6014/json
1477966166,MONOPOLY: The Board Game,Marmalade Game Studio,"December 4, 2019",Games,Games,https://is1-ssl.mzstatic.com/image/thumb/Purple221/v4/88/b9/92/88b9927e-e9cf-815e-8dac-741b91822bc4/AppIcon-0-0-1x_U007emarketing-0-8-0-85-220.png/100x100bb.png,https://apps.apple.com/us/app/monopoly-the-board-game/id1477966166?uo=2,top_paid,10,US,2026-08-07,https://itunes.apple.com/us/rss/toppaidapplications/limit=100/genre=6014/json
824305459,Papa's Freezeria To Go!,Flipline Studios,"February 26, 2014",Games,Games,https://is1-ssl.mzstatic.com/image/thumb/Purple124/v4/44/d1/bb/44d1bb03-8871-ff83-c212-5c55b0f335a6/AppIcon-1x_U007emarketing-0-0-GLES2_U002c0-512MB-sRGB-0-0-0-85-220-0-0-0-6.png/100x100bb.png,https://apps.apple.com/us/app/papas-freezeria-to-go/id824305459?uo=2,top_paid,11,US,2026-08-07,https://itunes.apple.com/us/rss/toppaidapplications/limit=100/genre=6014/json
6758328352,Scritchy Scratchy,Funday Games ApS,"March 18, 2026",Games,Games,https://is1-ssl.mzstatic.com/image/thumb/Purple211/v4/bc/30/b8/bc30b850-afe5-38fd-0666-3af591767acc/AppIcon-0-0-1x_U007emarketing-0-8-0-85-220.png/100x100bb.png,https://apps.apple.com/us/app/scritchy-scratchy/id6758328352?uo=2,top_paid,12,US,2026-08-07,https://itunes.apple.com/us/rss/toppaidapplications/limit=100/genre=6014/json
1093131935,Incredibox,So Far So Good,"March 27, 2016",Games,Games,https://is1-ssl.mzstatic.com/image/thumb/Purple211/v4/d0/2b/6c/d02b6c61-94fe-4863-56ae-a2a522061147/AppIcon-0-0-1x_U007epad-0-1-85-220.png/100x100bb.png,https://apps.apple.com/us/app/incredibox/id1093131935?uo=2,top_paid,13,US,2026-08-07,https://itunes.apple.com/us/rss/toppaidapplications/limit=100/genre=6014/json
912536422,Five Nights at Freddy's,CLICKTEAM LLC USA,"September 11, 2014",Games,Games,https://is1-ssl.mzstatic.com/image/thumb/Purple211/v4/9b/77/03/9b77034f-5ade-ddf5-9c2d-48fd8a546c62/AppIcon-1x_U007epad-0-85-220-0.png/100x100bb.png,https://apps.apple.com/us/app/five-nights-at-freddys/id912536422?uo=2,top_paid,14,US,2026-08-07,https://itunes.apple.com/us/rss/toppaidapplications/limit=100/genre=6014/json
763692274,Grand Theft Auto: San Andreas,Rockstar Games,"December 12, 2013",Games,Games,https://is1-ssl.mzstatic.com/image/thumb/Purple221/v4/c0/02/f2/c002f295-cf73-0278-8e73-d8d1f9e7a9af/AppIcon-0-0-1x_U007emarketing-0-7-0-85-220.png/100x100bb.png,https://apps.apple.com/us/app/grand-theft-auto-san-andreas/id763692274?uo=2,top_paid,15,US,2026-08-07,https://itunes.apple.com/us/rss/toppaidapplications/limit=100/genre=6014/json
640364616,Terraria,"505 Games (US), Inc.","August 28, 2013",Games,Games,https://is1-ssl.mzstatic.com/image/thumb/Purple221/v4/12/1b/e8/121be88a-adf0-6fb1-60bc-19cc9c156a11/AppIcon-1x_U007emarketing-0-8-0-85-220-0.png/100x100bb.png,https://apps.apple.com/us/app/terraria/id640364616?uo=2,top_paid,16,US,2026-08-07,https://itunes.apple.com/us/rss/toppaidapplications/limit=100/genre=6014/json
1491530147,Slay the Spire,Balor Games,"June 13, 2020",Games,Games,https://is1-ssl.mzstatic.com/image/thumb/Purple221/v4/91/0c/92/910c920a-0ab6-1939-e297-083995b640c7/AppIcon-1x_U007emarketing-0-11-0-0-85-220-0.png/100x100bb.png,https://apps.apple.com/us/app/slay-the-spire/id1491530147?uo=2,top_paid,17,US,2026-08-07,https://itunes.apple.com/us/rss/toppaidapplications/limit=100/genre=6014/json
575154654,Pou,Zakeh Limited,"November 26, 2012",Games,Games,https://is1-ssl.mzstatic.com/image/thumb/Purple221/v4/ae/b9/81/aeb981e4-c84e-0536-bd0b-4b5370d6f12c/AppIcon-0-0-1x_U007emarketing-0-5-0-85-220.png/100x100bb.png,https://apps.apple.com/us/app/pou/id575154654?uo=2,top_paid,18,US,2026-08-07,https://itunes.apple.com/us/rss/toppaidapplications/limit=100/genre=6014/json
1631859420,After Inc.,Ndemic Creations,"November 26, 2024",Games,Games,https://is1-ssl.mzstatic.com/image/thumb/Purple221/v4/f6/a3/f7/f6a3f7f7-296b-8b16-52fd-667d9998f141/AppIcon-0-0-1x_U007emarketing-0-8-0-85-220.png/100x100bb.png,https://apps.apple.com/us/app/after-inc/id1631859420?uo=2,top_paid,19,US,2026-08-07,https://itunes.apple.com/us/rss/toppaidapplications/limit=100/genre=6014/json
941143328,Five Nights at Freddy's 2,CLICKTEAM LLC USA,"November 19, 2014",Games,Games,https://is1-ssl.mzstatic.com/image/thumb/Purple126/v4/74/30/b1/7430b134-0ebe-53ef-88b9-53cfc8d3acce/AppIcon-0-0-1x_U007epad-0-0-0-0-0-0-sRGB-0-0-0-GLES2_U002c0-512MB-85-220-0-0.png/100x100bb.png,https://apps.apple.com/us/app/five-nights-at-freddys-2/id941143328?uo=2,top_paid,20,US,2026-08-07,https://itunes.apple.com/us/rss/toppaidapplications/limit=100/genre=6014/json
6754894237,CloverPit,Future Friends Games,"December 17, 2025",Games,Games,https://is1-ssl.mzstatic.com/image/thumb/Purple221/v4/3d/83/4f/3d834fff-7e41-dbe7-06ff-e91fd0422963/AppIcon-0-0-1x_U007emarketing-0-8-0-85-220.png/100x100bb.png,https://apps.apple.com/us/app/cloverpit/id6754894237?uo=2,top_paid,21,US,2026-08-07,https://itunes.apple.com/us/rss/toppaidapplications/limit=100/genre=6014/json
891194610,Earn to Die 2,Not Doppler,"November 20, 2014",Games,Games,https://is1-ssl.mzstatic.com/image/thumb/Purple221/v4/fe/cc/ab/feccab35-76b9-2ffa-7a6a-40ea9af24707/AppIcon-1x_U007emarketing-0-7-0-85-220-0.png/100x100bb.png,https://apps.apple.com/us/app/earn-to-die-2/id891194610?uo=2,top_paid,22,US,2026-08-07,https://itunes.apple.com/us/rss/toppaidapplications/limit=100/genre=6014/json
6714479204,Lowriders Comeback: Boulevard,Oleh Chernykh,"December 6, 2024",Games,Games,https://is1-ssl.mzstatic.com/image/thumb/Purple221/v4/d6/a4/d6/d6a4d65c-2fb0-245b-61f2-0a791d6788fd/AppIcon-0-0-1x_U007emarketing-0-8-0-85-220.png/100x100bb.png,https://apps.apple.com/us/app/lowriders-comeback-boulevard/id6714479204?uo=2,top_paid,23,US,2026-08-07,https://itunes.apple.com/us/rss/toppaidapplications/limit=100/genre=6014/json
6748056918,Farming Simulator 26 Mobile,GIANTS Software GmbH,"May 19, 2026",Games,Games,https://is1-ssl.mzstatic.com/image/thumb/Purple211/v4/07/54/3f/07543f3d-c3ee-7a0f-b5ff-48757176add3/AppIcon-0-0-1x_U007emarketing-0-11-0-85-220.png/100x100bb.png,https://apps.apple.com/us/app/farming-simulator-26-mobile/id6748056918?uo=2,top_paid,24,US,2026-08-07,https://itunes.apple.com/us/rss/toppaidapplications/limit=100/genre=6014/json
563718995,Bloons TD 5,Ninja Kiwi,"November 15, 2012",Games,Games,https://is1-ssl.mzstatic.com/image/thumb/Purple211/v4/11/30/a5/1130a5bc-ae59-1c34-1e91-e16146586ff3/AppIcon-0-0-1x_U007emarketing-0-4-85-220.png/100x100bb.png,https://apps.apple.com/us/app/bloons-td-5/id563718995?uo=2,top_paid,25,US,2026-08-07,https://itunes.apple.com/us/rss/toppaidapplications/limit=100/genre=6014/json
6740349587,Backyard Baseball '01,Playground Productions LLC,"July 8, 2025",Games,Games,https://is1-ssl.mzstatic.com/image/thumb/Purple211/v4/f2/2d/3e/f22d3ebd-1e8e-0f33-aeb9-8a65b6daf3f8/AppIcon-1x_U007epad-0-1-85-220-0.png/100x100bb.png,https://apps.apple.com/us/app/backyard-baseball-01/id6740349587?uo=2,top_paid,26,US,2026-08-07,https://itunes.apple.com/us/rss/toppaidapplications/limit=100/genre=6014/json
1023146677,Five Nights at Freddy's 4,CLICKTEAM LLC USA,"August 3, 2015",Games,Games,https://is1-ssl.mzstatic.com/image/thumb/Purple126/v4/ad/73/d4/ad73d428-ce0b-5b46-2883-9b424d0a3408/AppIcon-1x_U007epad-0-85-220-0.png/100x100bb.png,https://apps.apple.com/us/app/five-nights-at-freddys-4/id1023146677?uo=2,top_paid,27,US,2026-08-07,https://itunes.apple.com/us/rss/toppaidapplications/limit=100/genre=6014/json
925494667,Papa's Pizzeria To Go!,Flipline Studios,"November 13, 2014",Games,Games,https://is1-ssl.mzstatic.com/image/thumb/Purple114/v4/7b/d3/eb/7bd3ebd3-8c21-1e3a-88d1-15508dccb767/AppIcon-1x_U007emarketing-0-0-GLES2_U002c0-512MB-sRGB-0-0-0-85-220-0-0-0-6.png/100x100bb.png,https://apps.apple.com/us/app/papas-pizzeria-to-go/id925494667?uo=2,top_paid,28,US,2026-08-07,https://itunes.apple.com/us/rss/toppaidapplications/limit=100/genre=6014/json
454086751,Flick Home Run !,infinity pocket,"October 14, 2011",Games,Games,https://is1-ssl.mzstatic.com/image/thumb/Purple116/v4/8c/cd/d4/8ccdd4ff-dff0-781e-9360-f87333c3539f/AppIcon-0-0-1x_U007emarketing-0-0-0-5-0-0-sRGB-0-0-0-GLES2_U002c0-512MB-85-220-0-0.png/100x100bb.png,https://apps.apple.com/us/app/flick-home-run/id454086751?uo=2,top_paid,29,US,2026-08-07,https://itunes.apple.com/us/rss/toppaidapplications/limit=100/genre=6014/json
1512751689,The Game of Life 2,Marmalade Game Studio,"July 15, 2020",Games,Games,https://is1-ssl.mzstatic.com/image/thumb/Purple221/v4/34/6b/3f/346b3fa2-96e3-4338-f0be-bd70c3c50ffc/AppIcon-1x_U007emarketing-0-8-0-85-220-0.png/100x100bb.png,https://apps.apple.com/us/app/the-game-of-life-2/id1512751689?uo=2,top_paid,30,US,2026-08-07,https://itunes.apple.com/us/rss/toppaidapplications/limit=100/genre=6014/json
549105915,True Skate,True Axis,"October 18, 2012",Games,Games,https://is1-ssl.mzstatic.com/image/thumb/Purple221/v4/3e/9b/71/3e9b711d-bff7-6716-bfb2-3841f5f925a2/AppIcon-1x_U007emarketing-0-11-0-85-220-0.png/100x100bb.png,https://apps.apple.com/us/app/true-skate/id549105915?uo=2,top_paid,31,US,2026-08-07,https://itunes.apple.com/us/rss/toppaidapplications/limit=100/genre=6014/json
1392608717,Papa's Scooperia To Go!,Flipline Studios,"August 2, 2018",Games,Games,https://is1-ssl.mzstatic.com/image/thumb/Purple124/v4/ed/e0/6f/ede06fd5-fd4e-963a-d639-92ca492fb096/AppIcon-1x_U007emarketing-0-0-GLES2_U002c0-512MB-sRGB-0-0-0-85-220-0-0-0-6.png/100x100bb.png,https://apps.apple.com/us/app/papas-scooperia-to-go/id1392608717?uo=2,top_paid,32,US,2026-08-07,https://itunes.apple.com/us/rss/toppaidapplications/limit=100/genre=6014/json
1451873044,Papa's Wingeria To Go!,Flipline Studios,"February 23, 2019",Games,Games,https://is1-ssl.mzstatic.com/image/thumb/Purple123/v4/a3/a4/86/a3a4865b-461b-6137-ad34-079921f0cee7/AppIcon-1x_U007emarketing-0-0-GLES2_U002c0-512MB-sRGB-0-0-0-85-220-0-0-0-6.png/100x100bb.png,https://apps.apple.com/us/app/papas-wingeria-to-go/id1451873044?uo=2,top_paid,33,US,2026-08-07,https://itunes.apple.com/us/rss/toppaidapplications/limit=100/genre=6014/json
1504952058,Papa's Sushiria To Go!,Flipline Studios,"April 21, 2020",Games,Games,https://is1-ssl.mzstatic.com/image/thumb/Purple123/v4/fa/eb/01/faeb0149-1797-7be7-21be-579ba1dcf779/AppIcon-1x_U007emarketing-0-0-GLES2_U002c0-512MB-sRGB-0-0-0-85-220-0-0-0-6.png/100x100bb.png,https://apps.apple.com/us/app/papas-sushiria-to-go/id1504952058?uo=2,top_paid,34,US,2026-08-07,https://itunes.apple.com/us/rss/toppaidapplications/limit=100/genre=6014/json
6547834967,Animal Crossing: Pocket Camp C,"Nintendo Co., Ltd.","December 2, 2024",Games,Games,https://is1-ssl.mzstatic.com/image/thumb/Purple211/v4/2e/d8/cb/2ed8cbc4-e7dc-ec02-bfa3-e4f5641c9a97/AppIcon-1x_U007emarketing-0-7-0-85-220-0.png/100x100bb.png,https://apps.apple.com/us/app/animal-crossing-pocket-camp-c/id6547834967?uo=2,top_paid,35,US,2026-08-07,https://itunes.apple.com/us/rss/toppaidapplications/limit=100/genre=6014/json
1438245901,Papa's Pancakeria To Go!,Flipline Studios,"October 29, 2018",Games,Games,https://is1-ssl.mzstatic.com/image/thumb/Purple123/v4/d8/cf/ae/d8cfaec7-0fe8-dc80-8d1e-367a1a3fd6f5/AppIcon-1x_U007emarketing-0-0-GLES2_U002c0-512MB-sRGB-0-0-0-85-220-0-0-0-6.png/100x100bb.png,https://apps.apple.com/us/app/papas-pancakeria-to-go/id1438245901?uo=2,top_paid,36,US,2026-08-07,https://itunes.apple.com/us/rss/toppaidapplications/limit=100/genre=6014/json
6463616555,Ticket to Ride®,Marmalade Game Studio,"December 12, 2023",Games,Games,https://is1-ssl.mzstatic.com/image/thumb/Purple221/v4/e5/b6/11/e5b61113-0388-797d-ddfa-fecf36241fa9/AppIcon-0-0-1x_U007emarketing-0-8-0-85-220.png/100x100bb.png,https://apps.apple.com/us/app/ticket-to-ride/id6463616555?uo=2,top_paid,37,US,2026-08-07,https://itunes.apple.com/us/rss/toppaidapplications/limit=100/genre=6014/json
6772545874,Mini Murder Mysteries,BUNKWORKS,"June 23, 2026",Games,Games,https://is1-ssl.mzstatic.com/image/thumb/Purple211/v4/f3/be/e3/f3bee319-9e97-3997-311a-6c2c2f439e4e/AppIcon-0-0-1x_U007emarketing-0-8-0-85-220.png/100x100bb.png,https://apps.apple.com/us/app/mini-murder-mysteries/id6772545874?uo=2,top_paid,38,US,2026-08-07,https://itunes.apple.com/us/rss/toppaidapplications/limit=100/genre=6014/json
1029932207,Papa's Cupcakeria To Go!,Flipline Studios,"September 14, 2015",Games,Games,https://is1-ssl.mzstatic.com/image/thumb/Purple124/v4/a8/cb/8e/a8cb8e88-9ab8-d8da-f81a-fa92323a9f37/AppIcon-1x_U007emarketing-0-0-GLES2_U002c0-512MB-sRGB-0-0-0-85-220-0-0-0-6.png/100x100bb.png,https://apps.apple.com/us/app/papas-cupcakeria-to-go/id1029932207?uo=2,top_paid,39,US,2026-08-07,https://itunes.apple.com/us/rss/toppaidapplications/limit=100/genre=6014/json
1479608271,Arcadia - Watch Games,Raffaele D'Amato,"December 18, 2019",Games,Games,https://is1-ssl.mzstatic.com/image/thumb/Purple211/v4/3d/b8/b8/3db8b8a7-808a-6b80-b44e-372158f407e0/AppIcon-0-0-1x_U007epad-0-1-0-85-220.png/100x100bb.png,https://apps.apple.com/us/app/arcadia-watch-games/id1479608271?uo=2,top_paid,40,US,2026-08-07,https://itunes.apple.com/us/rss/toppaidapplications/limit=100/genre=6014/json
1551207253,Papa's Mocharia To Go!,Flipline Studios,"March 1, 2021",Games,Games,https://is1-ssl.mzstatic.com/image/thumb/Purple124/v4/48/f8/a9/48f8a98b-33d4-6e2f-39e8-0a80de180631/AppIcon-1x_U007emarketing-0-0-GLES2_U002c0-512MB-sRGB-0-0-0-85-220-0-0-0-6.png/100x100bb.png,https://apps.apple.com/us/app/papas-mocharia-to-go/id1551207253?uo=2,top_paid,41,US,2026-08-07,https://itunes.apple.com/us/rss/toppaidapplications/limit=100/genre=6014/json
935216956,"Papers, Please",3909,"December 12, 2014",Games,Games,https://is1-ssl.mzstatic.com/image/thumb/Purple126/v4/97/3f/c1/973fc1ac-d8d0-028d-055d-db313fe3bd86/AppIcon-0-0-1x_U007emarketing-0-0-0-7-0-0-sRGB-0-0-0-GLES2_U002c0-512MB-85-220-0-0.png/100x100bb.png,https://apps.apple.com/us/app/papers-please/id935216956?uo=2,top_paid,42,US,2026-08-07,https://itunes.apple.com/us/rss/toppaidapplications/limit=100/genre=6014/json
6477835115,Papa's Paleteria To Go!,Flipline Studios,"March 6, 2024",Games,Games,https://is1-ssl.mzstatic.com/image/thumb/Purple221/v4/35/d2/1f/35d21fd6-16b8-0ce5-e084-6176c24d3c62/AppIcon-0-0-1x_U007epad-0-85-220.png/100x100bb.png,https://apps.apple.com/us/app/papas-paleteria-to-go/id6477835115?uo=2,top_paid,43,US,2026-08-07,https://itunes.apple.com/us/rss/toppaidapplications/limit=100/genre=6014/json
837860959,Mini Metro,Dinosaur Polo Club,"December 25, 2015",Games,Games,https://is1-ssl.mzstatic.com/image/thumb/Purple211/v4/7a/ed/56/7aed5613-8242-de14-d125-fffdaebe8c7c/AppIcon-1x_U007emarketing-0-8-0-85-220-0.png/100x100bb.png,https://apps.apple.com/us/app/mini-metro/id837860959?uo=2,top_paid,44,US,2026-08-07,https://itunes.apple.com/us/rss/toppaidapplications/limit=100/genre=6014/json
728293409,Monument Valley,ustwo games,"April 3, 2014",Games,Games,https://is1-ssl.mzstatic.com/image/thumb/Purple211/v4/21/8e/d8/218ed8a3-c616-9ec7-419e-368073b9deb7/AppIcon-0-0-1x_U007emarketing-0-8-0-85-220.png/100x100bb.png,https://apps.apple.com/us/app/monument-valley/id728293409?uo=2,top_paid,45,US,2026-08-07,https://itunes.apple.com/us/rss/toppaidapplications/limit=100/genre=6014/json
1069549814,The Binding of Isaac: Rebirth,"Nicalis, Inc.","January 9, 2017",Games,Games,https://is1-ssl.mzstatic.com/image/thumb/Purple126/v4/a7/1c/95/a71c95f3-76f7-aed9-e873-29eff9ec7fbc/AppIcon-iOS-0-0-1x_U007emarketing-0-10-0-85-220.png/100x100bb.png,https://apps.apple.com/us/app/the-binding-of-isaac-rebirth/id1069549814?uo=2,top_paid,46,US,2026-08-07,https://itunes.apple.com/us/rss/toppaidapplications/limit=100/genre=6014/json
600626116,Papa's Burgeria To Go!,Flipline Studios,"February 21, 2013",Games,Games,https://is1-ssl.mzstatic.com/image/thumb/Purple114/v4/74/6f/8c/746f8c3d-f8d0-ce82-ba77-47bac118aa39/AppIcon-1x_U007emarketing-0-0-GLES2_U002c0-512MB-sRGB-0-0-0-85-220-0-0-0-6.png/100x100bb.png,https://apps.apple.com/us/app/papas-burgeria-to-go/id600626116?uo=2,top_paid,47,US,2026-08-07,https://itunes.apple.com/us/rss/toppaidapplications/limit=100/genre=6014/json
6747752407,Gambonanza,Stray Fawn Studio,"May 1, 2026",Games,Games,https://is1-ssl.mzstatic.com/image/thumb/Purple221/v4/c7/d3/fa/c7d3faf0-9068-498d-f524-045bcd2b5c31/AppIcon-0-0-1x_U007emarketing-0-8-0-85-220.png/100x100bb.png,https://apps.apple.com/us/app/gambonanza/id6747752407?uo=2,top_paid,48,US,2026-08-07,https://itunes.apple.com/us/rss/toppaidapplications/limit=100/genre=6014/json
973482987,Five Nights at Freddy's 3,CLICKTEAM LLC USA,"March 11, 2015",Games,Games,https://is1-ssl.mzstatic.com/image/thumb/Purple211/v4/67/c1/68/67c16812-d955-5bc5-789d-a52eb8d38940/AppIcon-1x_U007epad-0-1-85-220-0.png/100x100bb.png,https://apps.apple.com/us/app/five-nights-at-freddys-3/id973482987?uo=2,top_paid,49,US,2026-08-07,https://itunes.apple.com/us/rss/toppaidapplications/limit=100/genre=6014/json
1533709428,Pocket City 2,Codebrew Games Inc.,"April 7, 2023",Games,Games,https://is1-ssl.mzstatic.com/image/thumb/Purple211/v4/02/e5/76/02e5769f-12b8-b1fc-f2a9-8c75d81e1bd3/AppIcon-0-0-1x_U007emarketing-0-7-0-85-220.png/100x100bb.png,https://apps.apple.com/us/app/pocket-city-2/id1533709428?uo=2,top_paid,50,US,2026-08-07,https://itunes.apple.com/us/rss/toppaidapplications/limit=100/genre=6014/json
1189781891,Five Nights at Freddy's: SL,CLICKTEAM LLC USA,"January 3, 2017",Games,Games,https://is1-ssl.mzstatic.com/image/thumb/Purple211/v4/b5/ae/4c/b5ae4c56-804f-1953-6fd5-eeabec3f759c/AppIcon-1x_U007epad-0-1-85-220-0.png/100x100bb.png,https://apps.apple.com/us/app/five-nights-at-freddys-sl/id1189781891?uo=2,top_paid,51,US,2026-08-07,https://itunes.apple.com/us/rss/toppaidapplications/limit=100/genre=6014/json
6738784092,A Little to the Left: Drawers,Secret Mode,"March 6, 2025",Games,Games,https://is1-ssl.mzstatic.com/image/thumb/Purple221/v4/ca/15/1f/ca151fa8-6f3c-0191-7f7d-88be9097fc21/AppIcon-0-0-1x_U007emarketing-0-8-0-85-220.png/100x100bb.png,https://apps.apple.com/us/app/a-little-to-the-left-drawers/id6738784092?uo=2,top_paid,52,US,2026-08-07,https://itunes.apple.com/us/rss/toppaidapplications/limit=100/genre=6014/json
388857410,Blackjack & Card Counting Pro,Dealer Bust Time LLC,"September 23, 2010",Games,Games,https://is1-ssl.mzstatic.com/image/thumb/Purple211/v4/1b/d1/56/1bd1564d-a088-e524-56e7-d40e3d1cd561/AppIcon-0-0-1x_U007emarketing-0-8-0-85-220.png/100x100bb.png,https://apps.apple.com/us/app/blackjack-card-counting-pro/id388857410?uo=2,top_paid,53,US,2026-08-07,https://itunes.apple.com/us/rss/toppaidapplications/limit=100/genre=6014/json
449735650,Where's My Water?,Disney,"September 21, 2011",Games,Games,https://is1-ssl.mzstatic.com/image/thumb/Purple126/v4/3b/61/31/3b61311b-af40-6af9-83c6-c8eb7ca4ad93/AppIcon-0-0-1x_U007emarketing-0-0-0-9-0-0-sRGB-0-0-0-GLES2_U002c0-512MB-85-220-0-0.png/100x100bb.png,https://apps.apple.com/us/app/wheres-my-water/id449735650?uo=2,top_paid,54,US,2026-08-07,https://itunes.apple.com/us/rss/toppaidapplications/limit=100/genre=6014/json
1642601792,The Past Within,Rusty Lake,"November 2, 2022",Games,Games,https://is1-ssl.mzstatic.com/image/thumb/Purple211/v4/bb/2c/df/bb2cdff2-5289-a7b8-da79-4b7323917d16/AppIcon-0-0-1x_U007emarketing-0-7-0-85-220.png/100x100bb.png,https://apps.apple.com/us/app/the-past-within/id1642601792?uo=2,top_paid,55,US,2026-08-07,https://itunes.apple.com/us/rss/toppaidapplications/limit=100/genre=6014/json
1389752090,Dead Cells,Playdigious,"July 17, 2019",Games,Games,https://is1-ssl.mzstatic.com/image/thumb/Purple221/v4/01/10/c5/0110c5c6-01c0-8858-d466-8a44c585a6f1/AppIcon-0-0-1x_U007emarketing-0-8-0-85-220.png/100x100bb.png,https://apps.apple.com/us/app/dead-cells/id1389752090?uo=2,top_paid,56,US,2026-08-07,https://itunes.apple.com/us/rss/toppaidapplications/limit=100/genre=6014/json
6741892043,Road to Empress,Sixjoy Hong Kong Limited,"September 9, 2025",Games,Games,https://is1-ssl.mzstatic.com/image/thumb/Purple221/v4/93/87/c9/9387c921-7562-0707-a908-04a939fcedc8/AppIcon-1x_U007emarketing-0-8-0-85-220-0.png/100x100bb.png,https://apps.apple.com/us/app/road-to-empress/id6741892043?uo=2,top_paid,57,US,2026-08-07,https://itunes.apple.com/us/rss/toppaidapplications/limit=100/genre=6014/json
6746919411,Nubby's Number Factory,MogDogBlog Productions,"April 14, 2026",Games,Games,https://is1-ssl.mzstatic.com/image/thumb/Purple211/v4/08/20/f1/0820f1a8-00d5-f9d1-2df5-c00519711e19/AppIcon-0-0-1x_U007emarketing-0-8-0-0-85-220.png/100x100bb.png,https://apps.apple.com/us/app/nubbys-number-factory/id6746919411?uo=2,top_paid,58,US,2026-08-07,https://itunes.apple.com/us/rss/toppaidapplications/limit=100/genre=6014/json
6474194438,Don't Starve Together,Playdigious,"July 21, 2026",Games,Games,https://is1-ssl.mzstatic.com/image/thumb/Purple211/v4/02/02/cd/0202cd15-db04-03fc-2b46-e7728d8977aa/AppIcon-0-0-1x_U007epad-0-1-85-220.png/100x100bb.png,https://apps.apple.com/us/app/dont-starve-together/id6474194438?uo=2,top_paid,59,US,2026-08-07,https://itunes.apple.com/us/rss/toppaidapplications/limit=100/genre=6014/json
479431697,CHRONO TRIGGER (Upgrade Ver.),SQUARE ENIX,"December 8, 2011",Games,Games,https://is1-ssl.mzstatic.com/image/thumb/Purple126/v4/cb/a9/07/cba90727-83dc-9913-527f-ee4207f7b112/AppIcon-0-0-1x_U007emarketing-0-0-0-5-0-0-sRGB-0-0-0-GLES2_U002c0-512MB-85-220-0-0.png/100x100bb.png,https://apps.apple.com/us/app/chrono-trigger-upgrade-ver/id479431697?uo=2,top_paid,60,US,2026-08-07,https://itunes.apple.com/us/rss/toppaidapplications/limit=100/genre=6014/json
6743115658,TABS Pocket Edition,Landfall Games,"August 7, 2025",Games,Games,https://is1-ssl.mzstatic.com/image/thumb/Purple211/v4/dc/7f/75/dc7f75c6-81f2-e048-d0a2-675fd8e4c875/AppIcon-1x_U007emarketing-0-8-0-85-220-0.png/100x100bb.png,https://apps.apple.com/us/app/tabs-pocket-edition/id6743115658?uo=2,top_paid,61,US,2026-08-07,https://itunes.apple.com/us/rss/toppaidapplications/limit=100/genre=6014/json
554937499,Earn to Die,Not Doppler,"September 20, 2012",Games,Games,https://is1-ssl.mzstatic.com/image/thumb/Purple128/v4/0f/b3/b0/0fb3b02a-8b71-2854-e478-04b9c5ec66ff/mzl.sdmrqvyg.png/100x100bb.png,https://apps.apple.com/us/app/earn-to-die/id554937499?uo=2,top_paid,62,US,2026-08-07,https://itunes.apple.com/us/rss/toppaidapplications/limit=100/genre=6014/json
6740349666,Backyard Baseball '97,Playground Productions LLC,"March 27, 2025",Games,Games,https://is1-ssl.mzstatic.com/image/thumb/Purple211/v4/d9/75/a2/d975a2e4-ef4f-1112-85db-15db7c1802ad/AppIcon-0-0-1x_U007epad-0-1-85-220.png/100x100bb.png,https://apps.apple.com/us/app/backyard-baseball-97/id6740349666?uo=2,top_paid,63,US,2026-08-07,https://itunes.apple.com/us/rss/toppaidapplications/limit=100/genre=6014/json
578448682,Grand Theft Auto: Vice City,Rockstar Games,"December 6, 2012",Games,Games,https://is1-ssl.mzstatic.com/image/thumb/Purple113/v4/57/01/fd/5701fd72-a6a2-35db-0710-30a0fb014cc6/AppIcon-0-1x_U007emarketing-85-220-4.png/100x100bb.png,https://apps.apple.com/us/app/grand-theft-auto-vice-city/id578448682?uo=2,top_paid,64,US,2026-08-07,https://itunes.apple.com/us/rss/toppaidapplications/limit=100/genre=6014/json
6673906410,Sea of Stars,Playdigious,"April 7, 2026",Games,Games,https://is1-ssl.mzstatic.com/image/thumb/Purple221/v4/b8/3a/2d/b83a2d80-76f6-12d8-4548-2d0c1ac8f07a/AppIcon-0-0-1x_U007emarketing-0-8-0-85-220.png/100x100bb.png,https://apps.apple.com/us/app/sea-of-stars/id6673906410?uo=2,top_paid,65,US,2026-08-07,https://itunes.apple.com/us/rss/toppaidapplications/limit=100/genre=6014/json
1444761746,RFS - Real Flight Simulator,RORTOS SRL,"July 23, 2019",Games,Games,https://is1-ssl.mzstatic.com/image/thumb/Purple211/v4/36/e0/2d/36e02dc7-5bbd-adfc-ce3c-537a3235a3e0/AppIcon-1x_U007emarketing-0-8-0-85-220-0.png/100x100bb.png,https://apps.apple.com/us/app/rfs-real-flight-simulator/id1444761746?uo=2,top_paid,66,US,2026-08-07,https://itunes.apple.com/us/rss/toppaidapplications/limit=100/genre=6014/json
1563121109,Shattered Pixel Dungeon,Evan Debenham,"August 17, 2021",Games,Games,https://is1-ssl.mzstatic.com/image/thumb/Purple221/v4/96/f2/94/96f2944a-60ea-ee9c-4657-34e1added3ee/AppIcon-0-0-1x_U007emarketing-0-8-0-0-85-220.png/100x100bb.png,https://apps.apple.com/us/app/shattered-pixel-dungeon/id1563121109?uo=2,top_paid,67,US,2026-08-07,https://itunes.apple.com/us/rss/toppaidapplications/limit=100/genre=6014/json
1499849161,Ultimate Custom Night,CLICKTEAM LLC USA,"April 28, 2020",Games,Games,https://is1-ssl.mzstatic.com/image/thumb/Purple211/v4/f6/38/10/f63810f5-343a-8da2-3e16-fafaab7a071a/AppIcon-1x_U007epad-0-85-220-0.png/100x100bb.png,https://apps.apple.com/us/app/ultimate-custom-night/id1499849161?uo=2,top_paid,68,US,2026-08-07,https://itunes.apple.com/us/rss/toppaidapplications/limit=100/genre=6014/json
1459520638,Wingspan: The Board Game,Monster Couch,"July 20, 2021",Games,Games,https://is1-ssl.mzstatic.com/image/thumb/Purple211/v4/1a/a1/c9/1aa1c94b-3389-c70f-a5b1-ceaecca8fc62/AppIcon-0-0-1x_U007emarketing-0-8-0-85-220.png/100x100bb.png,https://apps.apple.com/us/app/wingspan-the-board-game/id1459520638?uo=2,top_paid,69,US,2026-08-07,https://itunes.apple.com/us/rss/toppaidapplications/limit=100/genre=6014/json
6747814605,Is This Seat Taken?,Poti Poti Studio,"August 7, 2025",Games,Games,https://is1-ssl.mzstatic.com/image/thumb/Purple211/v4/16/24/d5/1624d5e2-611f-9cee-cb5e-e596962c809f/AppIcon-0-0-1x_U007emarketing-0-8-0-85-220.png/100x100bb.png,https://apps.apple.com/us/app/is-this-seat-taken/id6747814605?uo=2,top_paid,70,US,2026-08-07,https://itunes.apple.com/us/rss/toppaidapplications/limit=100/genre=6014/json
1622869542,Kingdom Rush 5: Alliance TD,Ironhide S.A.,"July 25, 2024",Games,Games,https://is1-ssl.mzstatic.com/image/thumb/Purple221/v4/37/b7/0d/37b70dd2-119e-0983-504e-35b13eef8564/AppIcon-0-0-1x_U007emarketing-0-8-0-85-220.png/100x100bb.png,https://apps.apple.com/us/app/kingdom-rush-5-alliance-td/id1622869542?uo=2,top_paid,71,US,2026-08-07,https://itunes.apple.com/us/rss/toppaidapplications/limit=100/genre=6014/json
1591627945,Papa's Cluckeria To Go!,Flipline Studios,"February 21, 2022",Games,Games,https://is1-ssl.mzstatic.com/image/thumb/Purple126/v4/c4/f5/47/c4f54756-5a28-168e-caea-1b6d346e7198/AppIcon-1x_U007emarketing-0-0-GLES2_U002c0-512MB-sRGB-0-0-0-85-220-0-0-0-6.png/100x100bb.png,https://apps.apple.com/us/app/papas-cluckeria-to-go/id1591627945?uo=2,top_paid,72,US,2026-08-07,https://itunes.apple.com/us/rss/toppaidapplications/limit=100/genre=6014/json
1207867591,Papa's Taco Mia To Go!,Flipline Studios,"March 20, 2017",Games,Games,https://is1-ssl.mzstatic.com/image/thumb/Purple124/v4/2f/cb/5c/2fcb5cb3-7159-4944-a9a1-296c7d6c4876/AppIcon-1x_U007emarketing-0-0-GLES2_U002c0-512MB-sRGB-0-0-0-85-220-0-0-0-6.png/100x100bb.png,https://apps.apple.com/us/app/papas-taco-mia-to-go/id1207867591?uo=2,top_paid,73,US,2026-08-07,https://itunes.apple.com/us/rss/toppaidapplications/limit=100/genre=6014/json
598581396,Kingdom Rush Frontiers TD,Ironhide S.A.,"June 6, 2013",Games,Games,https://is1-ssl.mzstatic.com/image/thumb/Purple211/v4/91/38/e8/9138e824-612f-bc7f-0ab7-08721351c929/AppIcon-0-0-1x_U007emarketing-0-6-0-85-220.png/100x100bb.png,https://apps.apple.com/us/app/kingdom-rush-frontiers-td/id598581396?uo=2,top_paid,74,US,2026-08-07,https://itunes.apple.com/us/rss/toppaidapplications/limit=100/genre=6014/json
6758360195,OOTP Baseball 27 Go!,Out of the Park Developments,"April 11, 2026",Games,Games,https://is1-ssl.mzstatic.com/image/thumb/Purple221/v4/06/08/31/06083158-49cb-2364-4e06-b12ffde7895b/AppIconiOS-1x_U007emarketing-0-8-0-85-220-0.png/100x100bb.png,https://apps.apple.com/us/app/ootp-baseball-27-go/id6758360195?uo=2,top_paid,75,US,2026-08-07,https://itunes.apple.com/us/rss/toppaidapplications/limit=100/genre=6014/json
1150534552,Clue: Classic Edition,Marmalade Game Studio,"January 9, 2017",Games,Games,https://is1-ssl.mzstatic.com/image/thumb/Purple221/v4/2f/e1/ef/2fe1efae-5af7-d3ad-9196-ae2237038ce9/AppIcon-0-0-1x_U007emarketing-0-8-0-85-220.png/100x100bb.png,https://apps.apple.com/us/app/clue-classic-edition/id1150534552?uo=2,top_paid,76,US,2026-08-07,https://itunes.apple.com/us/rss/toppaidapplications/limit=100/genre=6014/json
6633412890,Tiny Terraces,Jaxon Gallegos Garcia,"August 11, 2025",Games,Games,https://is1-ssl.mzstatic.com/image/thumb/Purple221/v4/9b/f1/70/9bf1708e-d987-b129-1f04-1331c1339eaa/AppIcon-0-0-1x_U007emarketing-0-8-0-85-220.png/100x100bb.png,https://apps.apple.com/us/app/tiny-terraces/id6633412890?uo=2,top_paid,77,US,2026-08-07,https://itunes.apple.com/us/rss/toppaidapplications/limit=100/genre=6014/json
904278510,Hitman Sniper,Deca Live Operations GmbH,"June 3, 2015",Games,Games,https://is1-ssl.mzstatic.com/image/thumb/Purple211/v4/d6/b6/a7/d6b6a7d3-0bf1-5037-ffdf-b3e310eef217/AppIcon-0-0-1x_U007emarketing-0-8-0-85-220.png/100x100bb.png,https://apps.apple.com/us/app/hitman-sniper/id904278510?uo=2,top_paid,78,US,2026-08-07,https://itunes.apple.com/us/rss/toppaidapplications/limit=100/genre=6014/json
1609683141,Dirt Trackin 3,"BENNETT RACING SIMULATIONS, LLC","May 15, 2025",Games,Games,https://is1-ssl.mzstatic.com/image/thumb/Purple211/v4/d0/d4/fd/d0d4fd8b-34da-00e0-cfb4-72059b856082/AppIcon-0-0-1x_U007emarketing-0-8-0-85-220.png/100x100bb.png,https://apps.apple.com/us/app/dirt-trackin-3/id1609683141?uo=2,top_paid,79,US,2026-08-07,https://itunes.apple.com/us/rss/toppaidapplications/limit=100/genre=6014/json
6468845068,GTA: San Andreas – Definitive,Rockstar Games,"December 14, 2023",Games,Games,https://is1-ssl.mzstatic.com/image/thumb/Purple221/v4/40/e0/b1/40e0b18c-4b67-dccf-46e3-fd558202adad/AppIcon-0-0-1x_U007emarketing-0-0-0-7-0-0-sRGB-0-0-0-GLES2_U002c0-512MB-85-220-0-0.png/100x100bb.png,https://apps.apple.com/us/app/gta-san-andreas-definitive/id6468845068?uo=2,top_paid,80,US,2026-08-07,https://itunes.apple.com/us/rss/toppaidapplications/limit=100/genre=6014/json
1462324486,Papa's Donuteria To Go!,Flipline Studios,"June 6, 2019",Games,Games,https://is1-ssl.mzstatic.com/image/thumb/Purple123/v4/a5/2e/1e/a52e1e52-a5be-c9de-afe7-dbfde4f08e6c/AppIcon-1x_U007emarketing-0-0-GLES2_U002c0-512MB-sRGB-0-0-0-85-220-0-0-0-6.png/100x100bb.png,https://apps.apple.com/us/app/papas-donuteria-to-go/id1462324486?uo=2,top_paid,81,US,2026-08-07,https://itunes.apple.com/us/rss/toppaidapplications/limit=100/genre=6014/json
564874986,Backflip Madness,Gamesoul Studio,"February 19, 2013",Games,Games,https://is1-ssl.mzstatic.com/image/thumb/Purple221/v4/9a/0a/e3/9a0ae388-e7ed-2190-f6e5-59431d10f058/AppIcon-1x_U007epad-0-1-85-220-0.png/100x100bb.png,https://apps.apple.com/us/app/backflip-madness/id564874986?uo=2,top_paid,82,US,2026-08-07,https://itunes.apple.com/us/rss/toppaidapplications/limit=100/genre=6014/json
1113736426,RollerCoaster Tycoon® Classic,Atari,"December 20, 2016",Games,Games,https://is1-ssl.mzstatic.com/image/thumb/Purple211/v4/05/e8/ee/05e8ee01-7cba-8247-6cab-06ee9e55c2bc/AppIcon-1x_U007epad-0-11-0-85-220-0.png/100x100bb.png,https://apps.apple.com/us/app/rollercoaster-tycoon-classic/id1113736426?uo=2,top_paid,83,US,2026-08-07,https://itunes.apple.com/us/rss/toppaidapplications/limit=100/genre=6014/json
335029050,Catan Classic,USM,"October 25, 2009",Games,Games,https://is1-ssl.mzstatic.com/image/thumb/Purple116/v4/7a/86/a7/7a86a73d-0830-83c0-28c3-be203f76a5db/AppIcon-1x_U007emarketing-0-6-0-85-220-0.png/100x100bb.png,https://apps.apple.com/us/app/catan-classic/id335029050?uo=2,top_paid,84,US,2026-08-07,https://itunes.apple.com/us/rss/toppaidapplications/limit=100/genre=6014/json
1293681293,Pocket Build,MoonBear LTD,"October 31, 2017",Games,Games,https://is1-ssl.mzstatic.com/image/thumb/Purple221/v4/a4/42/b6/a442b6c6-8161-dfce-5d18-ea3af0d9b424/AppIcon-0-0-1x_U007emarketing-0-7-0-85-220.png/100x100bb.png,https://apps.apple.com/us/app/pocket-build/id1293681293?uo=2,top_paid,85,US,2026-08-07,https://itunes.apple.com/us/rss/toppaidapplications/limit=100/genre=6014/json
1261834568,Shadow Fight 2 Special Edition,Nekki Limited,"August 22, 2017",Games,Games,https://is1-ssl.mzstatic.com/image/thumb/Purple128/v4/92/7f/27/927f27ce-9b73-87f2-7403-b4714954b526/AppIcon-1x_U007emarketing-85-220-8.png/100x100bb.png,https://apps.apple.com/us/app/shadow-fight-2-special-edition/id1261834568?uo=2,top_paid,86,US,2026-08-07,https://itunes.apple.com/us/rss/toppaidapplications/limit=100/genre=6014/json
1461751938,Purple Place - Classic Games,Semyon Popov,"May 17, 2019",Games,Games,https://is1-ssl.mzstatic.com/image/thumb/Purple116/v4/5f/14/f6/5f14f6d0-d38a-2031-7b66-1f0e24528153/AppIcon-0-0-1x_U007emarketing-0-0-0-7-0-0-sRGB-0-0-0-GLES2_U002c0-512MB-85-220-0-0.png/100x100bb.png,https://apps.apple.com/us/app/purple-place-classic-games/id1461751938?uo=2,top_paid,87,US,2026-08-07,https://itunes.apple.com/us/rss/toppaidapplications/limit=100/genre=6014/json
1117405948,The Game of Life,Marmalade Game Studio,"July 14, 2016",Games,Games,https://is1-ssl.mzstatic.com/image/thumb/Purple123/v4/a9/26/77/a9267700-c72f-df17-27f0-96987956068d/AppIcon-1x_U007emarketing-85-220-6.png/100x100bb.png,https://apps.apple.com/us/app/the-game-of-life/id1117405948?uo=2,top_paid,88,US,2026-08-07,https://itunes.apple.com/us/rss/toppaidapplications/limit=100/genre=6014/json
1439187947,Rebel Inc.,Ndemic Creations,"December 4, 2018",Games,Games,https://is1-ssl.mzstatic.com/image/thumb/Purple221/v4/a8/9f/de/a89fde6c-024f-817f-d404-c74bfe3f631c/AppIcon-0-0-1x_U007emarketing-0-8-0-85-220.png/100x100bb.png,https://apps.apple.com/us/app/rebel-inc/id1439187947?uo=2,top_paid,89,US,2026-08-07,https://itunes.apple.com/us/rss/toppaidapplications/limit=100/genre=6014/json
1518055618,Papa's Pastaria To Go!,Flipline Studios,"July 6, 2020",Games,Games,https://is1-ssl.mzstatic.com/image/thumb/Purple124/v4/7a/cc/23/7acc2376-f918-8072-22f2-592dbad2a13c/AppIcon-1x_U007emarketing-0-0-GLES2_U002c0-512MB-sRGB-0-0-0-85-220-0-0-0-6.png/100x100bb.png,https://apps.apple.com/us/app/papas-pastaria-to-go/id1518055618?uo=2,top_paid,90,US,2026-08-07,https://itunes.apple.com/us/rss/toppaidapplications/limit=100/genre=6014/json
1474716211,60 Seconds! Reatomized,Robot Gentleman sp. z o.o.,"May 25, 2021",Games,Games,https://is1-ssl.mzstatic.com/image/thumb/Purple126/v4/47/ff/04/47ff0468-ecd4-9b2e-2faa-c63c1bef4215/AppIcon-0-0-1x_U007emarketing-0-0-0-7-0-0-sRGB-0-0-0-GLES2_U002c0-512MB-85-220-0-0.png/100x100bb.png,https://apps.apple.com/us/app/60-seconds-reatomized/id1474716211?uo=2,top_paid,91,US,2026-08-07,https://itunes.apple.com/us/rss/toppaidapplications/limit=100/genre=6014/json
1385258906,Mindustry,Anton Kramskoi,"June 8, 2018",Games,Games,https://is1-ssl.mzstatic.com/image/thumb/Purple221/v4/9f/dc/8d/9fdc8dc8-368f-fb61-4ba6-54c7955e29f9/AppIcon-0-0-1x_U007emarketing-0-8-0-85-220.png/100x100bb.png,https://apps.apple.com/us/app/mindustry/id1385258906?uo=2,top_paid,92,US,2026-08-07,https://itunes.apple.com/us/rss/toppaidapplications/limit=100/genre=6014/json
417817520,Tiny Wings,Andreas Illiger,"February 18, 2011",Games,Games,https://is1-ssl.mzstatic.com/image/thumb/Purple211/v4/a7/1b/5d/a71b5d5b-a5f2-a17c-9bc9-22d529b5de98/AppIcon-1-0-0-1x_U007emarketing-0-8-0-85-220.png/100x100bb.png,https://apps.apple.com/us/app/tiny-wings/id417817520?uo=2,top_paid,93,US,2026-08-07,https://itunes.apple.com/us/rss/toppaidapplications/limit=100/genre=6014/json
1300634274,Universal Paperclips™,"Everybody House Games, LLC","November 13, 2017",Games,Games,https://is1-ssl.mzstatic.com/image/thumb/Purple221/v4/d5/20/9d/d5209d2d-9fc4-7293-0492-e0a5491d3e6e/AppIcon-0-0-1x_U007emarketing-0-8-0-85-220.png/100x100bb.png,https://apps.apple.com/us/app/universal-paperclips/id1300634274?uo=2,top_paid,94,US,2026-08-07,https://itunes.apple.com/us/rss/toppaidapplications/limit=100/genre=6014/json
1455781522,FNaF 6: Pizzeria Simulator,CLICKTEAM LLC USA,"August 21, 2019",Games,Games,https://is1-ssl.mzstatic.com/image/thumb/Purple126/v4/43/0f/03/430f0325-5356-bee3-4db9-e3b6250fd7fa/AppIcon-1x_U007epad-0-85-220-0.png/100x100bb.png,https://apps.apple.com/us/app/fnaf-6-pizzeria-simulator/id1455781522?uo=2,top_paid,95,US,2026-08-07,https://itunes.apple.com/us/rss/toppaidapplications/limit=100/genre=6014/json
1330451888,Pocket City,Codebrew Games Inc.,"August 6, 2018",Games,Games,https://is1-ssl.mzstatic.com/image/thumb/Purple122/v4/b6/b1/10/b6b110d8-134a-1be7-ad5b-11c93ec2066f/AppIcon-1x_U007emarketing-0-10-0-0-85-220.png/100x100bb.png,https://apps.apple.com/us/app/pocket-city/id1330451888?uo=2,top_paid,96,US,2026-08-07,https://itunes.apple.com/us/rss/toppaidapplications/limit=100/genre=6014/json
6758201392,Slime Rancher,Playdigious,"May 26, 2026",Games,Games,https://is1-ssl.mzstatic.com/image/thumb/Purple221/v4/81/97/1b/81971ba5-2155-2874-407b-5f85e1fb9a29/AppIcon-0-0-1x_U007emarketing-0-8-0-85-220.png/100x100bb.png,https://apps.apple.com/us/app/slime-rancher/id6758201392?uo=2,top_paid,97,US,2026-08-07,https://itunes.apple.com/us/rss/toppaidapplications/limit=100/genre=6014/json
6478287619,Exploding Kittens® 2,Marmalade Game Studio,"August 12, 2024",Games,Games,https://is1-ssl.mzstatic.com/image/thumb/Purple211/v4/99/3e/d8/993ed804-dc3c-4cbc-151f-6127b9f5391d/AppIcon-0-0-1x_U007emarketing-0-8-0-85-220.png/100x100bb.png,https://apps.apple.com/us/app/exploding-kittens-2/id6478287619?uo=2,top_paid,98,US,2026-08-07,https://itunes.apple.com/us/rss/toppaidapplications/limit=100/genre=6014/json
6508165149,Dungeon Clawler,Stray Fawn Studio,"November 21, 2024",Games,Games,https://is1-ssl.mzstatic.com/image/thumb/Purple211/v4/22/ab/5c/22ab5cf5-e634-d5b5-df1a-3f997f2043b3/AppIcon-0-0-1x_U007emarketing-0-8-0-85-220.png/100x100bb.png,https://apps.apple.com/us/app/dungeon-clawler/id6508165149?uo=2,top_paid,99,US,2026-08-07,https://itunes.apple.com/us/rss/toppaidapplications/limit=100/genre=6014/json
